NRO_ISSN,TITULO,INST_EDITORA,TXT_CLASIFICACION,MUNICIPIO,DEPARTAMENTO
2256-151X, ESPIRAL Revista de Docencia e Investigacion,UNIVERSIDAD SANTO TOMAS SECCIONAL BUCARAMANGA,C,BUCARAMANGA,SANTANDER
2256-1676, Revista de Investigaciones,CORPORACION UNIVERSITARIA DE INVESTIGACION Y DESARROLLO,C,BUCARAMANGA,SANTANDER
2145-3985,[Con]textos,UNIVERSIDAD SANTIAGO DE CALI - USC,C,CALI,VALLE DEL CAUCA
2215-8944,Academia  Derecho,UNIVERSIDAD LIBRE DE COLOMBIA,B,BOGOTA D.C.,BOGOTA D.C.
2011-0731,ACADEMIA Y VIRTUALIDAD ,UNIVERSIDAD MILITAR NUEVA GRANADA - UNIMILITAR,C,BOGOTA D.C.,BOGOTA D.C.
0120-2812,ACTA AGRONOMICA,UNIVERSIDAD NACIONAL DE COLOMBIA - OFICIAL,C,BOGOTA D.C.,BOGOTA D.C.
2323-0118,Acta Agronomica,UNIVERSIDAD NACIONAL DE COLOMBIA - OFICIAL,C,BOGOTA D.C.,BOGOTA D.C.
1900-1649,Acta Biologica Colombiana,UNIVERSIDAD NACIONAL DE COLOMBIA - OFICIAL,A2,BOGOTA D.C.,BOGOTA D.C.
0122-7262,Acta Colombiana De Cuidado Intensivo,ASOCIACION COLOMBIANA DE MEDICINA CRITICA Y CUIDADO INTENSIVO,C,BOGOTA D.C.,BOGOTA D.C.
0123-9155,ACTA COLOMBIANA DE PSICOLOGIA,UNIVERSIDAD CATOLICA DE COLOMBIA - U.C.C.,B,BOGOTA D.C.,BOGOTA D.C.
0120-8411,ACTA DE OTORRINOLARINGOLOGIA  CIRUGIA DE CABEZA Y CUELLO,ASOCIACION COLOMBIANA DE OTORRINOLARINGOLOGIA CIRUGIA DE CABEZA Y CUELLO MAXILOFACIAL Y ESTETICA FACIAL,C,BOGOTA D.C.,BOGOTA D.C.
0120-2448,ACTA MEDICA COLOMBIANA,ASOCIACION COLOMBIANA DE MEDICINA INTERNA - ACMI,C,BOGOTA D.C.,BOGOTA D.C.
0120-8748,ACTA NEUROLOGICA COLOMBIANA,ASOCIACION COLOMBIANA DE NEUROLOGIA,A2,BOGOTA D.C.,BOGOTA D.C.
2027-7822,Acta Odontologica Colombiana,UNIVERSIDAD NACIONAL DE COLOMBIA - OFICIAL,C,BOGOTA D.C.,BOGOTA D.C.
0304-3584,ACTUALIDADES BIOLOGICAS,UNIVERSIDAD DE ANTIOQUIA - UDEA,A2,MEDELLIN,ANTIOQUIA
0120-1700,ACTUALIDADES PEDAGOGICAS,UNIVERSIDAD DE LA SALLE - UNISALLE,C,BOGOTA D.C.,BOGOTA D.C.
0123-5583,ACTUALIZACIONES EN ENFERMERIA,FUNDACION SANTA FE DE BOGOTA - FSFB,C,BOGOTA D.C.,BOGOTA D.C.
1692-0279,AD-MINISTER,UNIVERSIDAD EAFIT,A2,MEDELLIN,ANTIOQUIA
0120-3754,Administracion  Desarrollo ,ESCUELA SUPERIOR DE ADMINISTRACION PUBLICA,C,BOGOTA D.C.,BOGOTA D.C.
0124-0102,ADVOCATUS,UNIVERSIDAD LIBRE DE COLOMBIA,B,BOGOTA D.C.,BOGOTA D.C.
0123-8884,AFFECTIO SOCIETATIS,UNIVERSIDAD DE ANTIOQUIA - UDEA,C,MEDELLIN,ANTIOQUIA
2215-7360,Aglala,CORPORACION UNIVERSITARIA RAFAEL NUNEZ,B,CARTAGENA DE INDIAS,BOLIVAR
0568-3076,Agronomia,UNIVERSIDAD DE CALDAS - UNICALDAS,B,MANIZALES,CALDAS
0120-9965,AGRONOMIA COLOMBIANA,UNIVERSIDAD NACIONAL DE COLOMBIA - OFICIAL,B,BOGOTA D.C.,BOGOTA D.C.
2011-9771,ALBERTUS MAGNUS,UNIVERSIDAD SANTO TOMAS,C,BOGOTA D.C.,BOGOTA D.C.
2145-0366,Aletheia. Revista de Desarrollo Humano Educativo y Social Contemporaneo,FUNDACION CENTRO INTERNACIONAL DE EDUCACION Y DESARROLLO HUMANO - CINDE,B,MANIZALES,CALDAS
1794-5658,AMAUTA,UNIVERSIDAD DEL ATLANTICO,C,BARRANQUILLA,ATLANTICO
0123-9465,AMBIENTE JURIDICO,UNIVERSIDAD DE MANIZALES - UMANIZALES,C,MANIZALES,CALDAS
0121-7607,Ambiente y Desarrollo,PONTIFICIA UNIVERSIDAD JAVERIANA,C,BOGOTA D.C.,BOGOTA D.C.
1692-2522,ANAGRAMAS  RUMBOS Y SENTIDOS DE LA COMUNICACION,UNIVERSIDAD DE MEDELLIN - UDEM,C,MEDELLIN,ANTIOQUIA
2027-7458,Analecta politica,UNIVERSIDAD PONTIFICIA BOLIVARIANA - SEDE MEDELLIN,C,MEDELLIN,ANTIOQUIA
0121-4705,ANALISIS POLITICO,UNIVERSIDAD NACIONAL DE COLOMBIA - OFICIAL,A1,BOGOTA D.C.,BOGOTA D.C.
0120-8454,Analisis Revista Colombiana de Humanidades ,UNIVERSIDAD SANTO TOMAS,C,BOGOTA D.C.,BOGOTA D.C.
1900-5407,Antipoda,UNIVERSIDAD DE LOS ANDES - UNIANDES,B,BOGOTA D.C.,BOGOTA D.C.
0120-2456,ANUARIO COLOMBIANO DE HISTORIA SOCIAL Y DE LA CULTURA,UNIVERSIDAD NACIONAL DE COLOMBIA - OFICIAL,A2,BOGOTA D.C.,BOGOTA D.C.
0122-2066,ANUARIO DE HISTORIA REGIONAL Y DE LAS FRONTERAS,UNIVERSIDAD INDUSTRIAL DE SANTANDER - UIS,C,BUCARAMANGA,SANTANDER
1856-9536,Anuario Electronico de Estudios en Comunicacion Social Disertaciones,COLEGIO MAYOR DE NUESTRA SENORA DEL ROSARIO,B,BOGOTA D.C.,BOGOTA D.C.
0120-3053,APUNTES DEL CENES,UNIVERSIDAD PEDAGOGICA Y TECNOLOGICA DE COLOMBIA,B,TUNJA,BOYACA
1657-9763,APUNTES Revista de estudios sobre patrimonio cultural - Journal of Cultural Heritage Studies,PONTIFICIA UNIVERSIDAD JAVERIANA,A2,BOGOTA D.C.,BOGOTA D.C.
1657-5997,Aquichan,UNIVERSIDAD DE LA SABANA - UNISABANA,C,CHIA,CUNDINAMARCA
1657-320X,Archivos de Medicina,UNIVERSIDAD DE MANIZALES - UMANIZALES,B,MANIZALES,CALDAS
2215-8987,ARKA Revista de Arquitectura ,UNIVERSIDAD LA GRAN COLOMBIA - SEDE BOGOTA,C,BOGOTA D.C.,BOGOTA D.C.
2215-9444,Arquetipo,UNIVERSIDAD CATOLICA DE PEREIRA - UCP,C,PEREIRA,RISARALDA
0123-8574,Asfaltos y Pavimentos,CORPORACION PARA LA INVESTIGACION Y DESARROLLO EN ASFALTOS EN EL SECTOR TRANSPORTE E INDUSTRIAL,C,PIEDECUESTA,SANTANDER
1657-723X,AUDIOLOGIA HOY,ASOCIACION COLOMBIANA DE AUDIOLOGIA,C,BOGOTA D.C.,BOGOTA D.C.
0121-4500,AVANCES EN ENFERMERIA,UNIVERSIDAD NACIONAL DE COLOMBIA - OFICIAL,C,BOGOTA D.C.,BOGOTA D.C.
1794-4724,AVANCES EN PSICOLOGIA LATINOAMERICANA,COLEGIO MAYOR DE NUESTRA SENORA DEL ROSARIO,A1,BOGOTA D.C.,BOGOTA D.C.
0121-5701,AVANCES EN RECURSOS HIDRAULICOS,,C,,
1657-7663,AVANCES EN SISTEMAS E INFORMATICA,UNIVERSIDAD NACIONAL DE COLOMBIA - SEDE MEDELLIN,C,MEDELLIN,ANTIOQUIA
2027-1034,Bio-grafia,UNIVERSIDAD PEDAGOGICA NACIONAL - U.P.N.,C,BOGOTA D.C.,BOGOTA D.C.
0120-4157,BIOMEDICA,INSTITUTO NACIONAL DE SALUD,A2,BOGOTA D.C.,BOGOTA D.C.
1657-9550,Biosalud,UNIVERSIDAD DE CALDAS - UNICALDAS,A2,MANIZALES,CALDAS
0124-5376,BIOTA COLOMBIANA,INSTITUTO DE INVESTIGACION DE RECURSOS BIOLOGICOS ALEXANDER VON HUMBOLDT,A2,BOGOTA D.C.,BOGOTA D.C.
1692-3561,BIOTECNOLOGIA EN EL SECTOR AGROPECUARIO Y AGROINDUSTRIAL,UNIVERSIDAD DEL CAUCA - UNICAUCA,A2,POPAYAN,CAUCA
0124-7913,BITACORA URBANO TERRITORIAL,UNIVERSIDAD NACIONAL DE COLOMBIA - OFICIAL,C,BOGOTA D.C.,BOGOTA D.C.
0121-3423,BOLETIN CIENTIFICO CCCP,,C,,
0123-3068,BOLETIN CIENTIFICO CENTRO DE MUSEOS MUSEO DE HISTORIA NATURAL,UNIVERSIDAD DE CALDAS - UNICALDAS,A2,MANIZALES,CALDAS
0120-0542,Boletin Cientifico CIOH,CENTRO DE INVESTIGACIONES OCEANOGRAFICAS E HIDROGRAFICAS - CIOH,B,CARTAGENA DE INDIAS,BOLIVAR
0120-2510,BOLETIN DE ANTROPOLOGIA UNIVERSIDAD DE ANTIOQUIA,UNIVERSIDAD DE ANTIOQUIA - UDEA,B,MEDELLIN,ANTIOQUIA
0120-3630,BOLETIN DE CIENCIAS DE LA TIERRA,UNIVERSIDAD NACIONAL DE COLOMBIA - OFICIAL,A2,BOGOTA D.C.,BOGOTA D.C.
0120-0283,BOLETIN DE GEOLOGIA,UNIVERSIDAD INDUSTRIAL DE SANTANDER - UIS,C,BUCARAMANGA,SANTANDER
0122-9761,BOLETIN DE INVESTIGACIONES MARINAS Y COSTERAS,INSTITUTO DE INVESTIGACIONES MARINAS Y COSTERAS - INVEMAR,A2,SANTA MARTA,MAGDALENA
0120-0380,BOLETIN DE MATEMATICAS,UNIVERSIDAD NACIONAL DE COLOMBIA - OFICIAL,B,BOGOTA D.C.,BOGOTA D.C.
0366-5232,CALDASIA,UNIVERSIDAD NACIONAL DE COLOMBIA - OFICIAL,B,BOGOTA D.C.,BOGOTA D.C.
2011-3757,CALLE14Revista de Investigacion en el campo del Arte,UNIVERSIDAD DISTRITAL FRANCISCO JOSE DE CALDAS,C,BOGOTA D.C.,BOGOTA D.C.
0120-8705,CES MEDICINA,UNIVERSIDAD CES,A2,MEDELLIN,ANTIOQUIA
2215-9177,CES Medicina,UNIVERSIDAD CES,C,MEDELLIN,ANTIOQUIA
1900-9607,CES MEDICINA VETERINARIA Y ZOOTECNIA,UNIVERSIDAD CES,C,MEDELLIN,ANTIOQUIA
0120-971X,CES ODONTOLOGIA,UNIVERSIDAD CES,B,MEDELLIN,ANTIOQUIA
2215-9185,CES Odontologia,UNIVERSIDAD CES,C,MEDELLIN,ANTIOQUIA
0124-8170,Ciencia e Ingenieria Neogranadina,UNIVERSIDAD MILITAR NUEVA GRANADA - UNIMILITAR,B,BOGOTA D.C.,BOGOTA D.C.
0121-7488,CIENCIA EN DESARROLLO,UNIVERSIDAD PEDAGOGICA Y TECNOLOGICA DE COLOMBIA,C,TUNJA,BOYACA
1909-230X,CIENCIA POLITICA,UNIVERSIDAD NACIONAL DE COLOMBIA - OFICIAL,C,BOGOTA D.C.,BOGOTA D.C.
1794-9831,CIENCIA Y CUIDADO,UNIVERSIDAD FRANCISCO DE PAULA SANTANDER - UFPS,B,CUCUTA,NORTE DE SANTANDER
1909-7050,CIENCIA Y PODER AEREO,ESCUELA DE POSTGRADOS DE LA FUERZA AEREA COLOMBIANA,C,BOGOTA D.C.,BOGOTA D.C.
2145-5333,Ciencia y Salud Virtual,CORPORACION UNIVERSITARIA RAFAEL NUNEZ,C,CARTAGENA DE INDIAS,BOLIVAR
1692-8415,Ciencia y Tecnologia para la Salud Visual y OcularScience and Technology in Ocular Health and Vision,UNIVERSIDAD DE LA SALLE - UNISALLE,C,BOGOTA D.C.,BOGOTA D.C.
2011-5253,CIUDAD PAZ-ANDO,UNIVERSIDAD DISTRITAL FRANCISCO JOSE DE CALDAS,C,BOGOTA D.C.,BOGOTA D.C.
1657-8953,Civilizar ,UNIVERSIDAD SERGIO ARBOLEDA,C,BOGOTA D.C.,BOGOTA D.C.
1909-941X,Clio America,UNIVERSIDAD DEL MAGDALENA - UNIMAGDALENA,C,SANTA MARTA,MAGDALENA
1794-5887,CO-HERENCIA,UNIVERSIDAD EAFIT,A2,MEDELLIN,ANTIOQUIA
1794-9815,CODICES Revista del Programa de Sistemas de Informacion y Documentacion,UNIVERSIDAD DE LA SALLE - UNISALLE,C,BOGOTA D.C.,BOGOTA D.C.
0120-6222,COLOMBIA AMAZONICA,INSTITUTO AMAZONICO DE INVESTIGACIONES CIENTIFICAS - SINCHI,C,LETICIA,AMAZONAS
0120-0739,Colombia Forestal ,UNIVERSIDAD DISTRITAL FRANCISCO JOSE DE CALDAS,C,BOGOTA D.C.,BOGOTA D.C.
0121-5612,Colombia Internacional,UNIVERSIDAD DE LOS ANDES - UNIANDES,B,BOGOTA D.C.,BOGOTA D.C.
1657-9534,COLOMBIA MEDICA,UNIVERSIDAD DEL VALLE - UNIVALLE,A2,CALI,VALLE DEL CAUCA
0123-4641,COLOMBIAN APPLIED LINGUISTICS JOURNAL,UNIVERSIDAD DISTRITAL FRANCISCO JOSE DE CALDAS,B,BOGOTA D.C.,BOGOTA D.C.
2248-7085,Colombian Applied Linguistics Journal,UNIVERSIDAD DISTRITAL FRANCISCO JOSE DE CALDAS,C,BOGOTA D.C.,BOGOTA D.C.
2027-3355,Comunicaciones en Estadistica,UNIVERSIDAD SANTO TOMAS,B,BOGOTA D.C.,BOGOTA D.C.
0120-4203,CONTADURIA UNIVERSIDAD DE ANTIOQUIA,UNIVERSIDAD DE ANTIOQUIA - UDEA,C,MEDELLIN,ANTIOQUIA
2339-3084,Contexto,UNIVERSIDAD LA GRAN COLOMBIA - SECCIONAL ARMENIA - UGCA,C,ARMENIA,QUINDIO
0120-4165,CONTROVERSIA,CENTRO DE INVESTIGACION Y EDUCACION POPULAR,C,BOGOTA D.C.,BOGOTA D.C.
0120-7180,COOPERATIVISMO  DESARROLLO,UNIVERSIDAD COOPERATIVA DE COLOMBIA,C,MEDELLIN,ANTIOQUIA
0122-8706,Corpoica Ciencia y Tecnologia Agropecuaria,CORPORACION COLOMBIANA DE INVESTIGACION AGROPECUARIA - CORPOICA,C,BOGOTA D.C.,BOGOTA D.C.
0120-3576,COYUNTURA ECONOMICA,FUNDACION PARA LA EDUCACION SUPERIOR Y EL DESARROLLO - FEDESARROLLO,B,BOGOTA D.C.,BOGOTA D.C.
0121-2532,COYUNTURA SOCIAL,FUNDACION PARA LA EDUCACION SUPERIOR Y EL DESARROLLO - FEDESARROLLO,C,BOGOTA D.C.,BOGOTA D.C.
1657-3978,CRITERIO JURIDICO,PONTIFICIA UNIVERSIDAD JAVERIANA - PUJ - SEDE CALI,C,CALI,VALLE DEL CAUCA
2145-3381,CRITERIO JURIDICO GARANTISTA,UNIVERSIDAD AUTONOMA DE COLOMBIA,C,BOGOTA D.C.,BOGOTA D.C.
1900-0642,CRITERIO LIBRE,UNIVERSIDAD LIBRE DE COLOMBIA,B,BOGOTA D.C.,BOGOTA D.C.
1794-7200,CRITERIO LIBRE JURIDICO,UNIVERSIDAD LIBRE DE COLOMBIA,C,BOGOTA D.C.,BOGOTA D.C.
2011-5733,CRITERIOS,UNIVERSIDAD DE SAN BUENAVENTURA,C,BOGOTA D.C.,BOGOTA D.C.
2011-0324,CS,UNIVERSIDAD ICESI,B,CALI,VALLE DEL CAUCA
0122-5383,CTF - CIENCIA TECNOLOGIA Y FUTURO,INSTITUTO COLOMBIANO DEL PETROLEO,B,PIEDECUESTA,SANTANDER
2027-8101,Cuaderno Activa,TECNOLOGICO DE ANTIOQUIA - TDEA,C,MEDELLIN,ANTIOQUIA
0120-3592,CUADERNOS DE ADMINISTRACION,PONTIFICIA UNIVERSIDAD JAVERIANA,B,BOGOTA D.C.,BOGOTA D.C.
0120-4645,Cuadernos de Administracion,UNIVERSIDAD DEL VALLE - UNIVALLE,B,CALI,VALLE DEL CAUCA
0123-1472,CUADERNOS DE CONTABILIDAD,PONTIFICIA UNIVERSIDAD JAVERIANA,A2,BOGOTA D.C.,BOGOTA D.C.
0122-1450,CUADERNOS DE DESARROLLO RURAL,PONTIFICIA UNIVERSIDAD JAVERIANA,B,BOGOTA D.C.,BOGOTA D.C.
0121-4772,CUADERNOS DE ECONOMIA,UNIVERSIDAD NACIONAL DE COLOMBIA - OFICIAL,C,BOGOTA D.C.,BOGOTA D.C.
0120-8462,CUADERNOS DE FILOSOFIA LATINOAMERICANA,UNIVERSIDAD SANTO TOMAS,C,BOGOTA D.C.,BOGOTA D.C.
0121-215X,CUADERNOS DE GEOGRAFIA ,UNIVERSIDAD NACIONAL DE COLOMBIA - OFICIAL,B,BOGOTA D.C.,BOGOTA D.C.
0121-053X,CUADERNOS DE LINGUISTICA HISPANICA,UNIVERSIDAD PEDAGOGICA Y TECNOLOGICA DE COLOMBIA,C,TUNJA,BOYACA
0122-8102,CUADERNOS DE LITERATURA,PONTIFICIA UNIVERSIDAD JAVERIANA,C,BOGOTA D.C.,BOGOTA D.C.
1794-8290,CUADERNOS DE LITERATURA DEL CARIBE E HISPANOAMERICA,UNIVERSIDAD DEL ATLANTICO,A2,BARRANQUILLA,ATLANTICO
1794-6670,Cuadernos de Musica Artes Visuales y Artes Escenicas,PONTIFICIA UNIVERSIDAD JAVERIANA,C,BOGOTA D.C.,BOGOTA D.C.
2027-2103,CUADERNOS DE VIVIENDA Y URBANISMO,PONTIFICIA UNIVERSIDAD JAVERIANA,C,BOGOTA D.C.,BOGOTA D.C.
1657-3412,CUADERNOS HISPANOAMERICANOS DE PSICOLOGIA,UNIVERSIDAD EL BOSQUE,C,BOGOTA D.C.,BOGOTA D.C.
1900-5016,CUADERNOS LATINOAMERICANOS DE ADMINISTRACION,UNIVERSIDAD EL BOSQUE,C,BOGOTA D.C.,BOGOTA D.C.
0121-2133,Cuarzo,FUNDACION UNIVERSITARIA JUAN N. CORPAS,C,BOGOTA D.C.,BOGOTA D.C.
0123-5095,Cuestiones de Filosofia,UNIVERSIDAD PEDAGOGICA Y TECNOLOGICA DE COLOMBIA,C,TUNJA,BOYACA
0120-131X,CUESTIONES TEOLOGICAS,UNIVERSIDAD PONTIFICIA BOLIVARIANA - SEDE MEDELLIN,B,MEDELLIN,ANTIOQUIA
1657-463X,CULTURA CIENTIFICA,FUNDACION UNIVERSITARIA JUAN DE CASTELLANOS,C,TUNJA,BOYACA
1794-5232,CULTURA DEL CUIDADO ENFERMERIA,UNIVERSIDAD LIBRE DE COLOMBIA,C,BOGOTA D.C.,BOGOTA D.C.
2145-9258,Cultura Educacion y Sociedad  ,CORPORACION UNIVERSIDAD DE LA COSTA CUC,C,BARRANQUILLA,ATLANTICO
2011-3188,dearquitectura,UNIVERSIDAD DE LOS ANDES - UNIANDES,B,BOGOTA D.C.,BOGOTA D.C.
0121-0483,Derecho Penal y Criminologia,UNIVERSIDAD EXTERNADO DE COLOMBIA,B,BOGOTA D.C.,BOGOTA D.C.
2027-0658,DERROTERO ,ESCUELA NAVAL DE CADETES ALMIRANTE JOSE PRUDENCIO PADILLA - ENAP,C,CARTAGENA DE INDIAS,BOLIVAR
0124-4035,Desafios,COLEGIO MAYOR DE NUESTRA SENORA DEL ROSARIO,C,BOGOTA D.C.,BOGOTA D.C.
2145-5147,Desarrollo Gerencial. Revista de la Facultad de Ciencias Economicas Administrativas y Contables.,UNIVERSIDAD SIMON BOLIVAR,C,BARRANQUILLA,ATLANTICO
0120-3584,DESARROLLO Y SOCIEDAD,UNIVERSIDAD DE LOS ANDES - UNIANDES,C,BOGOTA D.C.,BOGOTA D.C.
1657-3986,DESDE EL JARDIN DE FREUD,UNIVERSIDAD NACIONAL DE COLOMBIA - OFICIAL,C,BOGOTA D.C.,BOGOTA D.C.
0123-2592,DIALECTICA,FUNDACION UNIVERSITARIA PANAMERICANA,C,BOGOTA D.C.,BOGOTA D.C.
2011-3501,Dialectica Libertadora,FUNDACION UNIVERSITARIA LOS LIBERTADORES,C,BOGOTA D.C.,BOGOTA D.C.
0124-0021,DIALOGOS DE SABERES Investigaciones en derecho y ciencias sociales,UNIVERSIDAD LIBRE DE COLOMBIA,C,BOGOTA D.C.,BOGOTA D.C.
0120-8942,Dikaion,UNIVERSIDAD DE LA SABANA - UNISABANA,C,CHIA,CUNDINAMARCA
1692-8563,DIMENSION EMPRESARIAL,UNIVERSIDAD AUTONOMA DEL CARIBE,B,BARRANQUILLA,ATLANTICO
0124-6127,DISCUSIONES FILOSOFICAS,UNIVERSIDAD DE CALDAS - UNICALDAS,C,MANIZALES,CALDAS
1794-9998,DIVERSITAS  PERSPECTIVAS EN PSICOLOGIA,UNIVERSIDAD SANTO TOMAS,B,BOGOTA D.C.,BOGOTA D.C.
0124-7255,DIXI,UNIVERSIDAD COOPERATIVA DE COLOMBIA,C,MEDELLIN,ANTIOQUIA
1794-5992,DUAZARY,UNIVERSIDAD DEL MAGDALENA - UNIMAGDALENA,B,SANTA MARTA,MAGDALENA
0012-7353,DYNA,UNIVERSIDAD NACIONAL DE COLOMBIA - OFICIAL,A2,BOGOTA D.C.,BOGOTA D.C.
2216-0965,EAFIT Journal of International Law,UNIVERSIDAD EAFIT,C,MEDELLIN,ANTIOQUIA
1794-6190,EARTH SCIENCES RESEARCH JOURNAL,UNIVERSIDAD NACIONAL DE COLOMBIA - OFICIAL,A2,BOGOTA D.C.,BOGOTA D.C.
1692-8989,Economia  Region,UNIVERSIDAD TECNOLOGICA DE BOLIVAR,B,CARTAGENA DE INDIAS,BOLIVAR
1657-5946,ECONOMIA GESTION Y DESARROLLO,PONTIFICIA UNIVERSIDAD JAVERIANA - PUJ - SEDE CALI,C,CALI,VALLE DEL CAUCA
1692-3901,ECONOMIA Y DESARROLLO,UNIVERSIDAD AUTONOMA DE COLOMBIA,C,BOGOTA D.C.,BOGOTA D.C.
0120-3932,ECONOMICAS CUC,CORPORACION UNIVERSIDAD DE LA COSTA CUC,C,BARRANQUILLA,ATLANTICO
1657-4206,ECOS DE ECONOMIA,UNIVERSIDAD EAFIT,A2,MEDELLIN,ANTIOQUIA
0120-677X,EDUCACION FISICA Y DEPORTE,UNIVERSIDAD DE ANTIOQUIA - UDEA,B,MEDELLIN,ANTIOQUIA
0123-0425,EDUCACION Y CIUDAD,INSTITUTO PARA LA INVESTIGACION EDUCATIVA Y EL DESARROLLO PEDAGOGICO,B,BOGOTA D.C.,BOGOTA D.C.
2011-5318,Educacion y Desarrollo Social,UNIVERSIDAD MILITAR NUEVA GRANADA - UNIMILITAR,C,BOGOTA D.C.,BOGOTA D.C.
0123-1294,Educacion y Educadores,UNIVERSIDAD DE LA SABANA - UNISABANA,B,CHIA,CUNDINAMARCA
0124-2121,EDUCACION Y HUMANISMO,UNIVERSIDAD SIMON BOLIVAR,C,BARRANQUILLA,ATLANTICO
1692-8857,EIDOS,UNIVERSIDAD DEL NORTE - UNINORTE,B,BARRANQUILLA,ATLANTICO
1657-8031,EL AGORA USB,UNIVERSIDAD DE SAN BUENAVENTURA,B,BOGOTA D.C.,BOGOTA D.C.
1794-8614,EL ARTISTA / THE ARTIST Revista de investigaciones en musica y artes plasticas,UNIVERSIDAD DISTRITAL FRANCISCO JOSE DE CALDAS,C,BOGOTA D.C.,BOGOTA D.C.
0121-0777,EL HOMBRE Y LA MAQUINA,UNIVERSIDAD AUTONOMA DE OCCIDENTE - UAO,C,CALI,VALLE DEL CAUCA
2027-923X,ELEMENTOS,INSTITUCION UNIVERSITARIA POLITECNICO GRANCOLOMBIANO,C,BOGOTA D.C.,BOGOTA D.C.
2011-4532,ELEUTHERA,UNIVERSIDAD DE CALDAS - UNICALDAS,C,MANIZALES,CALDAS
2346-3279,En-Contexto,TECNOLOGICO DE ANTIOQUIA - TDEA,C,MEDELLIN,ANTIOQUIA
1692-5858,ENCUENTROS,UNIVERSIDAD AUTONOMA DEL CARIBE,C,BARRANQUILLA,ATLANTICO
0120-9833,ENERGETICA,UNIVERSIDAD NACIONAL DE COLOMBIA - MANIZALES,C,,
0121-5299,ENERGIA Y COMPUTACION,,C,,
0121-117X,ENSAYOS DE ECONOMIA,UNIVERSIDAD NACIONAL DE COLOMBIA - OFICIAL,C,BOGOTA D.C.,BOGOTA D.C.
0120-4483,Ensayos Sobre Politica Economica,BANCO DE LA REPUBLICA - BOGOTA,A2,BOGOTA D.C.,BOGOTA D.C.
1692-3502,Ensayos. Historia y teoria del Arte,UNIVERSIDAD NACIONAL DE COLOMBIA - OFICIAL,C,BOGOTA D.C.,BOGOTA D.C.
0122-7017,Enterese Boletin Cientifico Universitario,UNIVERSIDAD MANUELA BELTRAN,C,BOGOTA D.C.,BOGOTA D.C.
0124-7905,ENTORNOS,UNIVERSIDAD SURCOLOMBIANA - USCO,C,NEIVA,HUILA
1900-3803,ENTRAMADO,UNIVERSIDAD LIBRE DE COLOMBIA,B,BOGOTA D.C.,BOGOTA D.C.
1909-8367,ENTRE CIENCIA E INGENIERIA,UNIVERSIDAD CATOLICA DE PEREIRA - UCP,C,PEREIRA,RISARALDA
1657-9526,ENTREARTES,,C,,
0122-6339,ENUNCIACION,UNIVERSIDAD DISTRITAL FRANCISCO JOSE DE CALDAS,C,BOGOTA D.C.,BOGOTA D.C.
1657-5636,EPICICLOS,PONTIFICIA UNIVERSIDAD JAVERIANA - PUJ - SEDE BOGOTA,C,BOGOTA D.C.,BOGOTA D.C.
1692-1259,EPSILON,UNIVERSIDAD DE LA SALLE - UNISALLE,C,BOGOTA D.C.,BOGOTA D.C.
1692-7311,EQUIDAD  DESARROLLO,UNIVERSIDAD DE LA SALLE - UNISALLE,C,BOGOTA D.C.,BOGOTA D.C.
1794-1180,ESCENARIOS,UNIVERSIDAD AUTONOMA DEL CARIBE,C,BARRANQUILLA,ATLANTICO
0120-1263,ESCRITOS,UNIVERSIDAD PONTIFICIA BOLIVARIANA - SEDE MEDELLIN,C,MEDELLIN,ANTIOQUIA
0120-1867,ESTUDIOS DE DERECHO,UNIVERSIDAD DE ANTIOQUIA - UDEA,B,MEDELLIN,ANTIOQUIA
0121-3628,ESTUDIOS DE FILOSOFIA,UNIVERSIDAD DE ANTIOQUIA - UDEA,C,MEDELLIN,ANTIOQUIA
0123-4412,ESTUDIOS DE LITERATURA COLOMBIANA,UNIVERSIDAD DE ANTIOQUIA - UDEA,B,MEDELLIN,ANTIOQUIA
1900-8325,ESTUDIOS EN SEGURIDAD Y DEFENSA,ESCUELA SUPERIOR DE GUERRA,C,BOGOTA D.C.,BOGOTA D.C.
0123-5923,ESTUDIOS GERENCIALES,UNIVERSIDAD ICESI,B,CALI,VALLE DEL CAUCA
0121-5167,Estudios Politicos,UNIVERSIDAD DE ANTIOQUIA - UDEA,B,MEDELLIN,ANTIOQUIA
0124-0579,ESTUDIOS SOCIO-JURIDICOS,COLEGIO MAYOR DE NUESTRA SENORA DEL ROSARIO,B,BOGOTA D.C.,BOGOTA D.C.
2145-6836,EXPEDITIO,UNIVERSIDAD JORGE TADEO LOZANO,C,BOGOTA D.C.,BOGOTA D.C.
1794-9920,FACERevista de la Facultad de Ciencias Economicas y Empresariales de la Universidad de Pamplona,UNIVERSIDAD DE PAMPLONA - UDP,C,PAMPLONA,NORTE DE SANTANDER
2248-6046,Finanzas y Politica Economica,UNIVERSIDAD CATOLICA DE COLOMBIA - U.C.C.,B,BOGOTA D.C.,BOGOTA D.C.
0120-0143,FITOPATOLOGIA COLOMBIANA,ASOCIACION COLOMBIANA DE FITOPATOLOGIA Y CIENCIAS AFINES,B,CALI,VALLE DEL CAUCA
0123-1286,FITOTECNIA COLOMBIANA,ASOCIACION COLOMBIANA DE FITOMEJORAMIENTO Y PRODUCCION DE CULTIVOS,C,,
0123-1022,Folios,UNIVERSIDAD DE ANTIOQUIA - UDEA,C,MEDELLIN,ANTIOQUIA
0123-4870,FOLIOS,UNIVERSIDAD PEDAGOGICA NACIONAL - U.P.N.,B,BOGOTA D.C.,BOGOTA D.C.
0120-338X,Forma y Funcion,UNIVERSIDAD NACIONAL DE COLOMBIA - OFICIAL,A2,BOGOTA D.C.,BOGOTA D.C.
0120-1468,Franciscanum,UNIVERSIDAD DE SAN BUENAVENTURA,A2,BOGOTA D.C.,BOGOTA D.C.
0123-4676,FRONTERAS DE LA HISTORIA,INSTITUTO COLOMBIANO DE ANTROPOLOGIA E HISTORIA - ICANH,B,BOGOTA D.C.,BOGOTA D.C.
2027-4688,Fronteras de la Historia,INSTITUTO COLOMBIANO DE ANTROPOLOGIA E HISTORIA - ICANH,C,BOGOTA D.C.,BOGOTA D.C.
1657-6527,FUENTES EL REVENTON ENERGETICO,UNIVERSIDAD INDUSTRIAL DE SANTANDER - UIS,B,BUCARAMANGA,SANTANDER
0072-0992,GEOLOGIA COLOMBIANA,UNIVERSIDAD NACIONAL DE COLOMBIA - SEDE BOGOTA,B,BOGOTA D.C.,BOGOTA D.C.
1657-8236,GERENCIA TECNOLOGICA INFORMATICA - GTI,UNIVERSIDAD INDUSTRIAL DE SANTANDER - UIS,B,BUCARAMANGA,SANTANDER
2027-1433,GESTION  SOCIEDAD,UNIVERSIDAD DE LA SALLE - UNISALLE,C,BOGOTA D.C.,BOGOTA D.C.
0124-177X,Gestion y Ambiente,UNIVERSIDAD NACIONAL DE COLOMBIA - OFICIAL,C,BOGOTA D.C.,BOGOTA D.C.
1692-5777,GIST EDUCATION AND LEARNING RESEARCH JOURNAL,INSTITUCION UNIVERSITARIA COLOMBO AMERICANA,B,BOGOTA D.C.,BOGOTA D.C.
2346-4712,Gondola Ensenanza y Aprendizaje de las Ciencias,UNIVERSIDAD DISTRITAL FRANCISCO JOSE DE CALDAS,C,BOGOTA D.C.,BOGOTA D.C.
1692-6250,Grafia. Cuaderno de trabajo de los profesores de la facultad de ciencias humanas universidad autonoma de Colombia,UNIVERSIDAD AUTONOMA DE COLOMBIA,C,BOGOTA D.C.,BOGOTA D.C.
0121-7577,HACIA LA PROMOCION DE LA SALUD,UNIVERSIDAD DE CALDAS - UNICALDAS,B,MANIZALES,CALDAS
1794-3841,HALLAZGOS ,UNIVERSIDAD SANTO TOMAS,B,BOGOTA D.C.,BOGOTA D.C.
2145-132X,HiSTOReLo. Revista de Historia Regional y Local.,UNIVERSIDAD NACIONAL DE COLOMBIA - OFICIAL,C,BOGOTA D.C.,BOGOTA D.C.
2027-9035,Historia 2.0 Conocimiento Historico en Clave Digital,ASOCIACION HISTORIA ABIERTA,B,BUCARAMANGA,SANTANDER
0122-8803,HISTORIA CARIBE ,UNIVERSIDAD DEL ATLANTICO,C,BARRANQUILLA,ATLANTICO
0121-1617,HISTORIA CRITICA,UNIVERSIDAD DE LOS ANDES - UNIANDES,C,BOGOTA D.C.,BOGOTA D.C.
0120-4661,HISTORIA Y ESPACIO,UNIVERSIDAD DEL VALLE - UNIVALLE,B,CALI,VALLE DEL CAUCA
2027-5137,Historia Y MEMORIA,UNIVERSIDAD PEDAGOGICA Y TECNOLOGICA DE COLOMBIA,A2,TUNJA,BOYACA
0121-8417,Historia y sociedad,UNIVERSIDAD NACIONAL DE COLOMBIA - OFICIAL,A2,BOGOTA D.C.,BOGOTA D.C.
1794-7030,Hojas y Hablas,FUNDACION UNIVERSITARIA MONSERRATE,C,BOGOTA D.C.,BOGOTA D.C.
0124-7972,Holistica Juridica,UNIVERSIDAD DE SAN BUENAVENTURA - SEDE MEDELLIN - USBMED,C,MEDELLIN,ANTIOQUIA
0123-8264,Horizontes Pedagogicos,CORPORACION UNIVERSITARIA IBEROAMERICANA (ANTES TECNOLOGICO INPI),C,BOGOTA D.C.,BOGOTA D.C.
0120-5927,HOW,ASOCIACION COLOMBIANA DE PROFESORES DE INGLES,C,BOGOTA D.C.,BOGOTA D.C.
0121-0793,Iatreia,UNIVERSIDAD DE ANTIOQUIA - UDEA,C,MEDELLIN,ANTIOQUIA
1900-2785,ICONOFACTO,UNIVERSIDAD PONTIFICIA BOLIVARIANA - SEDE MEDELLIN,C,MEDELLIN,ANTIOQUIA
0120-0062,Ideas y Valores,UNIVERSIDAD NACIONAL DE COLOMBIA - OFICIAL,C,BOGOTA D.C.,BOGOTA D.C.
0123-3432,Ikala Revista de Lenguaje y Cultura,UNIVERSIDAD DE ANTIOQUIA - UDEA,B,MEDELLIN,ANTIOQUIA
2011-4680,IMPETUS,UNIVERSIDAD DE LOS LLANOS - UNILLANOS,C,VILLAVICENCIO,META
2011-9836,IN VESTIGIUM IRE,UNIVERSIDAD SANTO TOMAS - TUNJA,C,TUNJA,BOYACA
1794-1598,INCISO,UNIVERSIDAD LA GRAN COLOMBIA - SECCIONAL ARMENIA - UGCA,C,ARMENIA,QUINDIO
1657-9089,INFANCIAS IMAGENES ,UNIVERSIDAD DISTRITAL FRANCISCO JOSE DE CALDAS,C,BOGOTA D.C.,BOGOTA D.C.
0123-9392,INFECTIO,ASOCIACION COLOMBIANA DE INFECTOLOGIA,B,BOGOTA D.C.,BOGOTA D.C.
0122-056X,INFORMADOR TECNICO,SERVICIO NACIONAL DE APRENDIZAJE SENA,C,BOGOTA D.C.,BOGOTA D.C.
2145-3535,INFORMES PSICOLOGICOS,UNIVERSIDAD PONTIFICIA BOLIVARIANA SECCIONAL BUCARAMANGA,C,BUCARAMANGA,SANTANDER
0122-6517,INGE CUC,CORPORACION UNIVERSIDAD DE LA COSTA CUC,B,BARRANQUILLA,ATLANTICO
1909-2458,INGENIARE,UNIVERSIDAD LIBRE DE COLOMBIA,C,BOGOTA D.C.,BOGOTA D.C.
0121-750X,INGENIERIA,UNIVERSIDAD DISTRITAL FRANCISCO JOSE DE CALDAS,B,BOGOTA D.C.,BOGOTA D.C.
0122-3461,INGENIERIA  DESARROLLO,UNIVERSIDAD DEL NORTE - UNINORTE,A2,BARRANQUILLA,ATLANTICO
1692-9918,INGENIERIA DE RECURSOS NATURALES Y DEL AMBIENTE,UNIVERSIDAD DEL VALLE - UNIVALLE,C,CALI,VALLE DEL CAUCA
2346-0466,Ingenieria e Innovacion ,UNIVERSIDAD DE CORDOBA - UNICOR,C,MONTERIA,CORDOBA
0120-5609,INGENIERIA E INVESTIGACION,UNIVERSIDAD NACIONAL DE COLOMBIA - OFICIAL,B,BOGOTA D.C.,BOGOTA D.C.
1900-3102,INGENIERIA SOLIDARIA,UNIVERSIDAD COOPERATIVA DE COLOMBIA,C,MEDELLIN,ANTIOQUIA
1794-9165,INGENIERIA Y CIENCIA,UNIVERSIDAD EAFIT,B,MEDELLIN,ANTIOQUIA
0123-3033,INGENIERIA Y COMPETITIVIDAD,UNIVERSIDAD DEL VALLE - UNIVALLE,C,CALI,VALLE DEL CAUCA
2027-8284,Ingenieria y Competitividad,UNIVERSIDAD DEL VALLE - UNIVALLE,C,CALI,VALLE DEL CAUCA
2145-9371,Ingenieria y Desarrollo,UNIVERSIDAD DEL NORTE - UNINORTE,C,BARRANQUILLA,ATLANTICO
1657-6985,INGENIERIA Y REGION,UNIVERSIDAD SURCOLOMBIANA - USCO,C,NEIVA,HUILA
0123-2126,Ingenieria y Universidad,PONTIFICIA UNIVERSIDAD JAVERIANA,C,BOGOTA D.C.,BOGOTA D.C.
1692-7389,Ingenierias  Amazonia,UNIVERSIDAD DE LA AMAZONIA - CAQUETA,C,FLORENCIA,CAQUETA
2027-5846,Ingenierias USBMed,UNIVERSIDAD DE SAN BUENAVENTURA,C,BOGOTA D.C.,BOGOTA D.C.
2145-9282,INGENIO MAGNO,UNIVERSIDAD SANTO TOMAS - TUNJA,C,TUNJA,BOYACA
0124-7492,INGENIUM,UNIVERSIDAD DE SAN BUENAVENTURA,C,BOGOTA D.C.,BOGOTA D.C.
1692-0899,Ingenium,UNIVERSIDAD SANTIAGO DE CALI - USC,C,CALI,VALLE DEL CAUCA
0121-5051,INNOVAR,UNIVERSIDAD NACIONAL DE COLOMBIA - OFICIAL,C,BOGOTA D.C.,BOGOTA D.C.
2011-7922,INTERNATIONAL JOURNAL OF PSYCHOLOGICAL RESEARCH,UNIVERSIDAD DE SAN BUENAVENTURA,C,BOGOTA D.C.,BOGOTA D.C.
1692-8156,INTERNATIONAL LAW  REVISTA COLOMBIANA DE DERECHO INTERNACIONAL,PONTIFICIA UNIVERSIDAD JAVERIANA,A2,BOGOTA D.C.,BOGOTA D.C.
0121-3261,INVESTIGACION  DESARROLLO,UNIVERSIDAD DEL NORTE - UNINORTE,A2,BARRANQUILLA,ATLANTICO
2011-7574,Investigacion  Desarrollo,UNIVERSIDAD DEL NORTE - UNINORTE,A2,BARRANQUILLA,ATLANTICO
0124-2059,INVESTIGACION EN ENFERMERIAIMAGEN Y DESARROLLO,PONTIFICIA UNIVERSIDAD JAVERIANA,C,BOGOTA D.C.,BOGOTA D.C.
1909-5775,Investigacion Tecnologia y Ciencia,CORPORACION UNIVERSITARIA COMFACAUCA,C,POPAYAN,CAUCA
0120-5307,INVESTIGACION Y EDUCACION EN ENFERMERIA,UNIVERSIDAD DE ANTIOQUIA - UDEA,B,MEDELLIN,ANTIOQUIA
2216-0280,Investigacion y Educacion en Enfermeria,UNIVERSIDAD DE ANTIOQUIA - UDEA,C,MEDELLIN,ANTIOQUIA
0124-8146,INVESTIGACIONES ANDINA,FUNDACION UNIVERSITARIA DEL AREA ANDINA ,B,BOGOTA D.C.,BOGOTA D.C.
1909-9843,Iter Ad Veritatem,UNIVERSIDAD SANTO TOMAS - TUNJA,C,TUNJA,BOYACA
0121-2753,ITINERARIO EDUCATIVO  REVISTA DE LAS FACULTADES DE EDUCACION,UNIVERSIDAD DE SAN BUENAVENTURA - SEDE BOGOTA - USBBOG,C,BOGOTA D.C.,BOGOTA D.C.
1900-0448,IUSTA,UNIVERSIDAD SANTO TOMAS,C,BOGOTA D.C.,BOGOTA D.C.
1657-4923,JANGWA PANA,UNIVERSIDAD DEL MAGDALENA - UNIMAGDALENA,C,SANTA MARTA,MAGDALENA
2145-2628,Journal de Ciencia e Ingenieria,CORPORACION UNIVERSITARIA AUTONOMA DEL CAUCA,C,POPAYAN,CAUCA
2256-3342,Journal of Agriculture and Animal Sciences,CORPORACION UNIVERSITARIA LASALLISTA,C,CALDAS,ANTIOQUIA
1794-2918,JURIDICAS,UNIVERSIDAD DE CALDAS - UNICALDAS,C,MANIZALES,CALDAS
1692-3030,JURIDICAS CUC,CORPORACION UNIVERSIDAD DE LA COSTA CUC,C,BARRANQUILLA,ATLANTICO
0124-7441,JUSTICIA,UNIVERSIDAD SIMON BOLIVAR,B,BARRANQUILLA,ATLANTICO
1692-8571,JUSTICIA JURIS,UNIVERSIDAD AUTONOMA DEL CARIBE,B,BARRANQUILLA,ATLANTICO
0124-7816,KATHARSIS,INSTITUCION UNIVERSITARIA DE ENVIGADO,B,ENVIGADO,ANTIOQUIA
1794-7111,KEPES,UNIVERSIDAD DE CALDAS - UNICALDAS,A2,MANIZALES,CALDAS
1900-7922,LA MANZANA DE LA DISCORDIA,UNIVERSIDAD DEL VALLE - UNIVALLE,C,CALI,VALLE DEL CAUCA
0121-8530,LA PALABRA,UNIVERSIDAD PEDAGOGICA Y TECNOLOGICA DE COLOMBIA,A2,TUNJA,BOYACA
1657-1959,La Propiedad Inmaterial,UNIVERSIDAD EXTERNADO DE COLOMBIA,B,BOGOTA D.C.,BOGOTA D.C.
2145-4086,Lampsakos,UNIVERSIDAD CATOLICA LUIS AMIGO,C,MEDELLIN,ANTIOQUIA
2322-9721,Latin American Journal of Content  Language Integrated Learning,UNIVERSIDAD DE LA SABANA - UNISABANA,C,CHIA,CUNDINAMARCA
1900-9895,Latinoamericana de Estudios Educativos,UNIVERSIDAD DE CALDAS - UNICALDAS,B,MANIZALES,CALDAS
0120-2596,LECTURAS DE ECONOMIA,UNIVERSIDAD DE ANTIOQUIA - UDEA,B,MEDELLIN,ANTIOQUIA
0120-3479,LENGUAJE,UNIVERSIDAD DEL VALLE - UNIVALLE,C,CALI,VALLE DEL CAUCA
1657-2815,LIBRE EMPRESA,UNIVERSIDAD LIBRE DE COLOMBIA,C,BOGOTA D.C.,BOGOTA D.C.
1692-7125,limentech,UNIVERSIDAD DE PAMPLONA - UDP,C,PAMPLONA,NORTE DE SANTANDER
0120-5587,LINGUISTICA Y LITERATURA,UNIVERSIDAD DE ANTIOQUIA - UDEA,B,MEDELLIN,ANTIOQUIA
0123-5931,Literatura teoria historia critica,UNIVERSIDAD NACIONAL DE COLOMBIA - OFICIAL,A2,BOGOTA D.C.,BOGOTA D.C.
0121-3784,LIVESTOCK RESEARCH FOR RURAL DEVELOPMENT,FUNDACION CENTRO PARA LA INVESTIGACION EN SISTEMAS SOSTENIBLES DE PRODUCCION AGROPECUARIA - CIPAV,C,CALI,VALLE DEL CAUCA
2027-1557,Luciernaga  Revista Virtual,POLITECNICO COLOMBIANO JAIME ISAZA CADAVID,C,MEDELLIN,ANTIOQUIA
0121-4128,LUDICA PEDAGOGICA,UNIVERSIDAD PEDAGOGICA NACIONAL - U.P.N.,B,BOGOTA D.C.,BOGOTA D.C.
0123-4072,LUMINA,UNIVERSIDAD DE MANIZALES - UMANIZALES,C,MANIZALES,CALDAS
2027-1174,MAGIS - REVISTA INTERNACIONAL DE INVESTIGACION EN EDUCACION,PONTIFICIA UNIVERSIDAD JAVERIANA,C,BOGOTA D.C.,BOGOTA D.C.
2011-8643,MAGISTRO,UNIVERSIDAD SANTO TOMAS DE AQUINO - SEDE BOGOTA - USTA,C,BOGOTA D.C.,BOGOTA D.C.
0120-3045,Maguare,UNIVERSIDAD NACIONAL DE COLOMBIA - OFICIAL,B,BOGOTA D.C.,BOGOTA D.C.
0120-6788,MATEMATICAS ENSENANZA UNIVERSITARIA,CORPORACION ESCUELA REGIONAL DE MATEMATICAS,B,,
1794-5240,MEDICAS UIS,UNIVERSIDAD INDUSTRIAL DE SANTANDER - UIS,B,BUCARAMANGA,SANTANDER
1692-0880,MEDICINA,CORPORACION UNIVERSIDAD DEL SINU - ELIAS BECHARA ZAINUM - UNISINU,C,MONTERIA,CORDOBA
0123-2576,MEDICINA  LABORATORIO,EDITORA MEDICA COLOMBIANA S.A.,B,MEDELLIN,ANTIOQUIA
0120-4874,MEDICINA UPB,UNIVERSIDAD PONTIFICIA BOLIVARIANA - SEDE MEDELLIN,B,MEDELLIN,ANTIOQUIA
0123-7047,MedUNAB,UNIVERSIDAD AUTONOMA DE BUCARAMANGA - UNAB,B,BUCARAMANGA,SANTANDER
0122-5197,MEMORIA Y SOCIEDAD,PONTIFICIA UNIVERSIDAD JAVERIANA,B,BOGOTA D.C.,BOGOTA D.C.
0124-4361,Memorias,UNIVERSIDAD COOPERATIVA DE COLOMBIA,C,MEDELLIN,ANTIOQUIA
1794-8886,MEMORIAS,UNIVERSIDAD DEL NORTE - UNINORTE,C,BARRANQUILLA,ATLANTICO
0122-994X,Miradas ,UNIVERSIDAD TECNOLOGICA DE PEREIRA - UTP,C,PEREIRA,RISARALDA
1794-600X,MISION JURIDICA,UNIVERSIDAD COLEGIO MAYOR DE CUNDINAMARCA,C,BOGOTA D.C.,BOGOTA D.C.
0124-6542,Modulo Arquitectura - CUC,CORPORACION UNIVERSIDAD DE LA COSTA CUC,C,BARRANQUILLA,ATLANTICO
0121-4470,MOMENTO,UNIVERSIDAD NACIONAL DE COLOMBIA - OFICIAL,B,BOGOTA D.C.,BOGOTA D.C.
1692-5491,MOMENTOS DE CIENCIA ,UNIVERSIDAD DE LA AMAZONIA,C,FLORENCIA,CAQUETA
2011-7191,MOVIMIENTO CIENTIFICO,CORPORACION UNIVERSITARIA IBEROAMERICANA (ANTES TECNOLOGICO INPI),C,BOGOTA D.C.,BOGOTA D.C.
2145-5074,Mundo Amazonico,UNIVERSIDAD NACIONAL DE COLOMBIA - SEDE AMAZONIA,C,LETICIA,AMAZONAS
2011-799X,Mutatis Mutandis. Revista Latinoamericana de Traduccion,UNIVERSIDAD DE ANTIOQUIA - UDEA,A2,MEDELLIN,ANTIOQUIA
2256-1498,MUTIS,UNIVERSIDAD JORGE TADEO LOZANO,C,BOGOTA D.C.,BOGOTA D.C.
1900-9909,NEXUS,UNIVERSIDAD DEL VALLE - UNIVALLE,B,CALI,VALLE DEL CAUCA
1909-3888,NODO,UNIVERSIDAD ANTONIO NARINO,B,BOGOTA D.C.,BOGOTA D.C.
0122-4328,Nodos y nudos ,UNIVERSIDAD PEDAGOGICA NACIONAL - U.P.N.,B,BOGOTA D.C.,BOGOTA D.C.
0121-7550,NOMADAS,FUNDACION UNIVERSIDAD CENTRAL ,A2,BOGOTA D.C.,BOGOTA D.C.
1794-2470,NOVA,UNIVERSIDAD COLEGIO MAYOR DE CUNDINAMARCA,A2,BOGOTA D.C.,BOGOTA D.C.
0123-2614,Nova et Vetera,ESCUELA SUPERIOR DE ADMINISTRACION PUBLICA,C,BOGOTA D.C.,BOGOTA D.C.
2011-4540,Nuevo Derecho,INSTITUCION UNIVERSITARIA DE ENVIGADO,C,ENVIGADO,ANTIOQUIA
1657-7558,OASISObservatorio de Analisis de los Sistemas Internacionales,UNIVERSIDAD EXTERNADO DE COLOMBIA,B,BOGOTA D.C.,BOGOTA D.C.
1657-8651,OPERA - OBSERVATORIO DE POLITICAS EJECUCION Y RESULTADOS DE LA ADMINISTRACION PUBLICA,UNIVERSIDAD EXTERNADO DE COLOMBIA,B,BOGOTA D.C.,BOGOTA D.C.
1692-2530,OPINION JURIDICA,UNIVERSIDAD DE MEDELLIN - UDEM,C,MEDELLIN,ANTIOQUIA
0121-3709,ORINOQUIA,UNIVERSIDAD DE LOS LLANOS - UNILLANOS,C,VILLAVICENCIO,META
0122-8285,Palabra Clave,UNIVERSIDAD DE LA SABANA - UNISABANA,A2,CHIA,CUNDINAMARCA
0121-2923,PALMAS,FEDERACION NACIONAL DE CULTIVADORES DE LA PALMA AFRICANA - FEDEPALMA,C,BOGOTA D.C.,BOGOTA D.C.
1657-0111,PALOBRAPALABRA QUE OBRA,UNIVERSIDAD DE CARTAGENA - UNICARTAGENA,B,CARTAGENA DE INDIAS,BOLIVAR
1909-7433,PANORAMA,INSTITUCION UNIVERSITARIA POLITECNICO GRANCOLOMBIANO,C,BOGOTA D.C.,BOGOTA D.C.
0122-8900,PANORAMA ECONOMICO,UNIVERSIDAD DE CARTAGENA - UNICARTAGENA,C,CARTAGENA DE INDIAS,BOLIVAR
0122-4409,PAPEL POLITICO,PONTIFICIA UNIVERSIDAD JAVERIANA,A2,BOGOTA D.C.,BOGOTA D.C.
0123-0670,PAPELES,UNIVERSIDAD ANTONIO NARINO,C,BOGOTA D.C.,BOGOTA D.C.
1012-7410,PASTURAS TROPICALES,CENTRO INTERNACIONAL DE AGRICULTURA TROPICAL - CIAT,C,PALMIRA,VALLE DEL CAUCA
0121-2494,PEDAGOGIA Y SABERES,UNIVERSIDAD PEDAGOGICA NACIONAL - U.P.N.,B,BOGOTA D.C.,BOGOTA D.C.
1657-6276,PENSAMIENTO  GESTION,UNIVERSIDAD DEL NORTE - UNINORTE,A2,BARRANQUILLA,ATLANTICO
2145-941X,Pensamiento  Gestion,UNIVERSIDAD DEL NORTE - UNINORTE,A2,BARRANQUILLA,ATLANTICO
2027-2448,PENSAMIENTO AMERICANO,CORPORACION UNIVERSITARIA AMERICANA,C,BARRANQUILLA,ATLANTICO
0122-1108,PENSAMIENTO JURIDICO,UNIVERSIDAD NACIONAL DE COLOMBIA - OFICIAL,C,BOGOTA D.C.,BOGOTA D.C.
2011-804X,Pensamiento palabra y obra,UNIVERSIDAD PEDAGOGICA NACIONAL - U.P.N.,B,BOGOTA D.C.,BOGOTA D.C.
1657-8961,PENSAMIENTO PSICOLOGICO,PONTIFICIA UNIVERSIDAD JAVERIANA - PUJ - SEDE CALI,B,CALI,VALLE DEL CAUCA
0123-0999,Pensamiento y Cultura,UNIVERSIDAD DE LA SABANA - UNISABANA,B,CHIA,CUNDINAMARCA
2011-7213,PENSAMIENTO Y PODER,CORPORACION UNIVERSITARIA REMINGTON,C,MEDELLIN,ANTIOQUIA
1900-3099,PENSANDO PSICOLOGIA,UNIVERSIDAD COOPERATIVA DE COLOMBIA,C,MEDELLIN,ANTIOQUIA
1657-4214,PERFIL DE COYUNTURA ECONOMICA,UNIVERSIDAD DE ANTIOQUIA - UDEA,A2,MEDELLIN,ANTIOQUIA
2145-8987,Perifrasis. Revista de Literatura Teoria y Critica,UNIVERSIDAD DE LOS ANDES - UNIANDES,B,BOGOTA D.C.,BOGOTA D.C.
2346-1780,Perseitas,UNIVERSIDAD CATOLICA LUIS AMIGO,C,MEDELLIN,ANTIOQUIA
0123-3122,Persona y Bioetica,UNIVERSIDAD DE LA SABANA - UNISABANA,C,CHIA,CUNDINAMARCA
0123-3769,Perspectiva Geografica,UNIVERSIDAD PEDAGOGICA Y TECNOLOGICA DE COLOMBIA,C,TUNJA,BOYACA
2027-3401,PERSPECTIVAS EDUCATIVAS,UNIVERSIDAD DEL TOLIMA,C,IBAGUE,TOLIMA
0124-4108,PERSPECTIVAS EN NUTRICION HUMANA,UNIVERSIDAD DE ANTIOQUIA - UDEA,A2,MEDELLIN,ANTIOQUIA
1900-4257,PERSPECTIVAS INTERNACIONALES,PONTIFICIA UNIVERSIDAD JAVERIANA - PUJ - SEDE CALI,C,CALI,VALLE DEL CAUCA
1657-4672,PLUMILLA EDUCATIVA,UNIVERSIDAD DE MANIZALES - UMANIZALES,C,MANIZALES,CALDAS
1794-3159,POLIANTEA,INSTITUCION UNIVERSITARIA POLITECNICO GRANCOLOMBIANO,C,BOGOTA D.C.,BOGOTA D.C.
0120-4130,POLIGRAMAS,UNIVERSIDAD DEL VALLE - UNIVALLE,C,CALI,VALLE DEL CAUCA
1657-4915,Praxis,UNIVERSIDAD DEL MAGDALENA - UNIMAGDALENA,C,SANTA MARTA,MAGDALENA
2216-0159,Praxis  Saber,UNIVERSIDAD PEDAGOGICA Y TECNOLOGICA DE COLOMBIA,C,TUNJA,BOYACA
0120-4688,PRAXIS FILOSOFICA (Nueva Serie),UNIVERSIDAD DEL VALLE - UNIVALLE,A2,CALI,VALLE DEL CAUCA
1692-6900,pre-til,CORPORACION UNIVERSIDAD PILOTO DE COLOMBIA,C,BOGOTA D.C.,BOGOTA D.C.
1657-6535,Precedente,UNIVERSIDAD ICESI,C,CALI,VALLE DEL CAUCA
0124-2067,PRINCIPIA IURIS,UNIVERSIDAD SANTO TOMAS - TUNJA,C,TUNJA,BOYACA
1909-0455,PRODUCCION  LIMPIA,CORPORACION UNIVERSITARIA LASALLISTA,C,CALDAS,ANTIOQUIA
1657-0790,PROFILE,UNIVERSIDAD NACIONAL DE COLOMBIA - OFICIAL,A1,BOGOTA D.C.,BOGOTA D.C.
0121-182X,PROLEGOMENOS - DERECHOS Y VALORES,UNIVERSIDAD MILITAR NUEVA GRANADA - UNIMILITAR,C,BOGOTA D.C.,BOGOTA D.C.
0122-1213,PROSPECTIVA,UNIVERSIDAD DEL VALLE - UNIVALLE,B,CALI,VALLE DEL CAUCA
1692-8261,PROSPECTIVA ,UNIVERSIDAD AUTONOMA DEL CARIBE,C,BARRANQUILLA,ATLANTICO
2145-2776,Psicoespacios,INSTITUCION UNIVERSITARIA DE ENVIGADO,C,ENVIGADO,ANTIOQUIA
0124-0137,PSICOGENTE,UNIVERSIDAD SIMON BOLIVAR,C,BARRANQUILLA,ATLANTICO
0123-417X,PSICOLOGIA DESDE EL CARIBE,UNIVERSIDAD DEL NORTE - UNINORTE,A1,BARRANQUILLA,ATLANTICO
2011-7485,Psicologia desde el Caribe,UNIVERSIDAD DEL NORTE - UNINORTE,B,BARRANQUILLA,ATLANTICO
1900-2386,Psychologia avances de la disciplina,UNIVERSIDAD DE SAN BUENAVENTURA,B,BOGOTA D.C.,BOGOTA D.C.
1900-6608,PUBLICACIONES E INVESTIGACION,UNIVERSIDAD NACIONAL ABIERTA Y A DISTANCIA,C,BOGOTA D.C.,BOGOTA D.C.
1909-9851,PUENTEREVISTA CIENTIFICA,UNIVERSIDAD PONTIFICIA BOLIVARIANA SECCIONAL BUCARAMANGA,C,BUCARAMANGA,SANTANDER
0123-580X,Punto de vista,INSTITUCION UNIVERSITARIA POLITECNICO GRANCOLOMBIANO,C,BOGOTA D.C.,BOGOTA D.C.
2011-0472,QUAESTIONES DISPUTATAE-TEMAS EN DEBATE,UNIVERSIDAD SANTO TOMAS - TUNJA,C,TUNJA,BOYACA
0124-406X,Rastros Rostros,UNIVERSIDAD COOPERATIVA DE COLOMBIA,C,MEDELLIN,ANTIOQUIA
1794-6638,RATIO JURIS,UNIVERSIDAD AUTONOMA LATINOAMERICANA - UNAULA,C,MEDELLIN,ANTIOQUIA
2248-762X,Redes de Ingenieria,UNIVERSIDAD DISTRITAL FRANCISCO JOSE DE CALDAS,C,BOGOTA D.C.,BOGOTA D.C.
0124-0781,REFLEXION POLITICA,UNIVERSIDAD AUTONOMA DE BUCARAMANGA - UNAB,B,BUCARAMANGA,SANTANDER
0121-7372,Repertorio de Medicina y Cirugia,SOCIEDAD DE CIRUGIA DE BOGOTA - HOSPITAL DE SAN JOSE,C,BOGOTA D.C.,BOGOTA D.C.
0122-820X,Respuestas,UNIVERSIDAD FRANCISCO DE PAULA SANTANDER - UFPS,C,CUCUTA,NORTE DE SANTANDER
1692-3960,REVIST E-MERCATORIA,UNIVERSIDAD EXTERNADO DE COLOMBIA,B,BOGOTA D.C.,BOGOTA D.C.
1692-7427,Revista Actividad Fisica Y Desarrollo Humano ,UNIVERSIDAD DE PAMPLONA - UDP,C,PAMPLONA,NORTE DE SANTANDER
2027-291X,REVISTA ALIMENTOS HOY,ASOCIACION COLOMBIANA DE CIENCIA Y TECNOLOGIA DE ALIMENTOS,C,BOGOTA D.C.,BOGOTA D.C.
2215-7190,REVISTA ANALISIS INTERNACIONAL (RAI),UNIVERSIDAD JORGE TADEO LOZANO,C,BOGOTA D.C.,BOGOTA D.C.
0121-6538,Revista Anfora,UNIVERSIDAD AUTONOMA DE MANIZALES,C,MANIZALES,CALDAS
2248-7441,Revista Antioquena de las Ciencias Computacionales y la Ingenieria de Software,INSTITUTO ANTIOQUENO DE INVESTIGACION,C,MEDELLIN,ANTIOQUIA
1657-2513,REVISTA ARETE ,CORPORACION UNIVERSITARIA IBEROAMERICANA (ANTES TECNOLOGICO INPI),C,BOGOTA D.C.,BOGOTA D.C.
1794-4953,REVISTA AVANCES INVESTIGACION EN INGENIERIA,UNIVERSIDAD LIBRE DE COLOMBIA,C,BOGOTA D.C.,BOGOTA D.C.
2027-8918,Revista Biodiversidad Neotropical,UNIVERSIDAD TECNOLOGICA DEL CHOCO - DIEGO LUIS CORDOBA,C,QUIBDO,CHOCO
2145-7719,Revista CES Derecho,UNIVERSIDAD CES,C,MEDELLIN,ANTIOQUIA
2011-3080,REVISTA CES PSICOLOGIA,UNIVERSIDAD CES,B,MEDELLIN,ANTIOQUIA
2145-9932,Revista CES Salud Publica,UNIVERSIDAD CES,C,MEDELLIN,ANTIOQUIA
2011-513X,REVISTA CIENCIA ANIMAL,UNIVERSIDAD DE LA SALLE - UNISALLE,C,BOGOTA D.C.,BOGOTA D.C.
0122-8420,Revista Ciencia y Agricultura,UNIVERSIDAD PEDAGOGICA Y TECNOLOGICA DE COLOMBIA,B,TUNJA,BOYACA
2215-7840,Revista ciencias biomedicas,UNIVERSIDAD DE CARTAGENA - UNICARTAGENA,C,CARTAGENA DE INDIAS,BOLIVAR
1692-7273,REVISTA CIENCIAS DE LA SALUD,COLEGIO MAYOR DE NUESTRA SENORA DEL ROSARIO,A2,BOGOTA D.C.,BOGOTA D.C.
1794-8347,REVISTA CIENCIAS ESTRATEGICAS,UNIVERSIDAD PONTIFICIA BOLIVARIANA - SEDE MEDELLIN,B,MEDELLIN,ANTIOQUIA
0124-2253,REVISTA CIENTIFICA,UNIVERSIDAD DISTRITAL FRANCISCO JOSE DE CALDAS,C,BOGOTA D.C.,BOGOTA D.C.
0122-6150,REVISTA CIENTIFICA DE UNINCCA,FUNDACION UNIVERSIDAD INCCA DE COLOMBIA,C,BOGOTA D.C.,BOGOTA D.C.
1900-6586,Revista Cientifica General Jose Maria Cordova,ESCUELA MILITAR DE CADETES GENERAL JOSE MARIA CORDOVA,C,BOGOTA D.C.,BOGOTA D.C.
0124-3551,Revista CIFE - Lecturas de Economia Social,UNIVERSIDAD SANTO TOMAS,C,BOGOTA D.C.,BOGOTA D.C.
2145-6194,Revista Civilizar de Empresa y Economia,UNIVERSIDAD SERGIO ARBOLEDA,C,BOGOTA D.C.,BOGOTA D.C.
1900-1355,REVISTA CLEPSIDRA,UNIVERSIDAD AUTONOMA DE COLOMBIA,C,BOGOTA D.C.,BOGOTA D.C.
1692-6323,REVISTA CLON,UNIVERSIDAD DE PAMPLONA - UDP,C,PAMPLONA,NORTE DE SANTANDER
1900-7841,Revista Colombia Salud Libre,UNIVERSIDAD LIBRE DE COLOMBIA,C,BOGOTA D.C.,BOGOTA D.C.
0120-3347,Revista Colombiana de Anestesiologia,SOCIEDAD COLOMBIANA DE ANESTESIOLOGIA Y REANIMACION,B,BOGOTA D.C.,BOGOTA D.C.
0486-6525,REVISTA COLOMBIANA DE ANTROPOLOGIA,INSTITUTO COLOMBIANO DE ANTROPOLOGIA E HISTORIA - ICANH,B,BOGOTA D.C.,BOGOTA D.C.
1900-6896,Revista Colombiana de Bioetica,UNIVERSIDAD EL BOSQUE,C,BOGOTA D.C.,BOGOTA D.C.
1909-8758,REVISTA COLOMBIANA DE BIOTECNOLOGIA,UNIVERSIDAD NACIONAL DE COLOMBIA - SEDE BOGOTA,A2,BOGOTA D.C.,BOGOTA D.C.
0123-9015,REVISTA COLOMBIANA DE CANCEROLOGIA,INSTITUTO NACIONAL DE CANCEROLOGIA - I.N.C.,C,BOGOTA D.C.,BOGOTA D.C.
0120-5633,REVISTA COLOMBIANA DE CARDIOLOGIA,SOCIEDAD COLOMBIANA DE CARDIOLOGIA Y CIRUGIA CARDIOVASCULAR,C,BOGOTA D.C.,BOGOTA D.C.
2027-1840,REVISTA COLOMBIANA DE CIENCIA ANIMAL,UNIVERSIDAD DEL TOLIMA,C,IBAGUE,TOLIMA
2027-4297,Revista Colombiana de Ciencias Animal-RECIA,UNIVERSIDAD DE SUCRE,B,SINCELEJO,SUCRE
2011-2173,REVISTA COLOMBIANA DE CIENCIAS HORTICOLAS,SOCIEDAD COLOMBIANA DE CIENCIAS HORTICOLAS,B,BOGOTA D.C.,BOGOTA D.C.
0120-0690,REVISTA COLOMBIANA DE CIENCIAS PECUARIAS,UNIVERSIDAD DE ANTIOQUIA - UDEA,B,MEDELLIN,ANTIOQUIA
0034-7418,REVISTA COLOMBIANA DE CIENCIAS QUIMICO-FARMACEUTICAS,UNIVERSIDAD NACIONAL DE COLOMBIA - OFICIAL,B,BOGOTA D.C.,BOGOTA D.C.
2216-1201,Revista Colombiana de Ciencias Sociales,UNIVERSIDAD CATOLICA LUIS AMIGO,B,MEDELLIN,ANTIOQUIA
2011-7582,REVISTA COLOMBIANA DE CIRUGIA,ASOCIACION COLOMBIANA DE CIRUGIA,A2,BOGOTA D.C.,BOGOTA D.C.
0120-2729,Revista Colombiana de Cirugia Plastica y Reconstructiva,SOCIEDAD COLOMBIANA DE CIRUGIA PLASTICA ESTETICA Y RECONSTRUCTIVA,C,BOGOTA D.C.,BOGOTA D.C.
1657-2831,REVISTA COLOMBIANA DE COMPUTACION,UNIVERSIDAD AUTONOMA DE BUCARAMANGA - UNAB,C,BUCARAMANGA,SANTANDER
0120-3916,REVISTA COLOMBIANA DE EDUCACION,UNIVERSIDAD PEDAGOGICA NACIONAL - U.P.N.,B,BOGOTA D.C.,BOGOTA D.C.
1909-1621,REVISTA COLOMBIANA DE ENFERMERIA,UNIVERSIDAD EL BOSQUE,C,BOGOTA D.C.,BOGOTA D.C.
0120-0488,REVISTA COLOMBIANA DE ENTOMOLOGIA,SOCIEDAD COLOMBIANA DE ENTOMOLOGIA SOCOLEN,C,BOGOTA D.C.,BOGOTA D.C.
0120-1751,REVISTA COLOMBIANA DE ESTADISTICA,UNIVERSIDAD NACIONAL DE COLOMBIA - OFICIAL,B,BOGOTA D.C.,BOGOTA D.C.
0124-4620,REVISTA COLOMBIANA DE FILOSOFIA DE LA CIENCIA,UNIVERSIDAD EL BOSQUE,B,BOGOTA D.C.,BOGOTA D.C.
0120-2650,Revista Colombiana de Fisica,SOCIEDAD COLOMBIANA DE FISICA,B,BOGOTA D.C.,BOGOTA D.C.
0120-9957,REVISTA COLOMBIANA DE GASTROENTEROLOGIA,ASOCIACION COLOMBIANA DE GASTROENTEROLOGIA,C,BOGOTA D.C.,BOGOTA D.C.
2145-7735,Revista Colombiana de Investigacion en Odontologia,ASOCIACION COLOMBIANA DE FACULTADES DE ODONTOLOGIA,C,BOGOTA D.C.,BOGOTA D.C.
2011-222X,REVISTA COLOMBIANA DE LAS ARTES ESCENICAS,UNIVERSIDAD DE CALDAS - UNICALDAS,C,MANIZALES,CALDAS
0034-7426,REVISTA COLOMBIANA DE MATEMATICAS,UNIVERSIDAD NACIONAL DE COLOMBIA - OFICIAL,C,BOGOTA D.C.,BOGOTA D.C.
0121-0041,REVISTA COLOMBIANA DE MEDICINA FISICA Y REHABILITACION,ASOCIACION COLOMBIANA DE MEDICINA FISICA Y REHABILITACION,C,BOGOTA D.C.,BOGOTA D.C.
0121-5426,REVISTA COLOMBIANA DE NEUMOLOGIA,ASOCIACION COLOMBIANA DE NEUMOLOGIA Y CIRUGIA DE TORAX,B,BOGOTA D.C.,BOGOTA D.C.
0034-7434,REVISTA COLOMBIANA DE OBSTETRICIA Y GINECOLOGIA,FEDERACION COLOMBIANA DE OBSTETRICIA Y GINECOLOGIA,C,BOGOTA D.C.,BOGOTA D.C.
0120-8845,REVISTA COLOMBIANA DE ORTOPEDIA Y TRAUMATOLOGIA,SOCIEDAD COLOMBIANA DE CIRUGIA ORTOPEDICA Y TRAUMATOLOGIA,C,BOGOTA D.C.,BOGOTA D.C.
0121-5469,REVISTA COLOMBIANA DE PSICOLOGIA,UNIVERSIDAD NACIONAL DE COLOMBIA - OFICIAL,C,BOGOTA D.C.,BOGOTA D.C.
0034-7450,REVISTA COLOMBIANA DE PSIQUIATRIA,ASOCIACION COLOMBIANA DE PSIQUIATRIA,C,BOGOTA D.C.,BOGOTA D.C.
0120-2804,Revista Colombiana de Quimica,UNIVERSIDAD NACIONAL DE COLOMBIA - OFICIAL,C,BOGOTA D.C.,BOGOTA D.C.
0121-2095,REVISTA COLOMBIANA DE RADIOLOGIA,ASOCIACION COLOMBIANA DE RADIOLOGIA,C,MEDELLIN,ANTIOQUIA
1692-1879,REVISTA COLOMBIANA DE REHABILITACION,ESCUELA COLOMBIANA DE REHABILITACION - E.C.R.,B,BOGOTA D.C.,BOGOTA D.C.
0121-8123,REVISTA COLOMBIANA DE REUMATOLOGIA,ASOCIACION COLOMBIANA DE REUMATOLOGIA,A2,BOGOTA D.C.,BOGOTA D.C.
0120-159X,REVISTA COLOMBIANA DE SOCIOLOGIA,UNIVERSIDAD NACIONAL DE COLOMBIA - OFICIAL,C,BOGOTA D.C.,BOGOTA D.C.
1692-7257,REVISTA COLOMBIANA DE TECNOLOGIAS DE AVANZADA,UNIVERSIDAD DE PAMPLONA - UDP,C,PAMPLONA,NORTE DE SANTANDER
1794-3108,REVISTA CRIMINALIDAD,DIRECCION NACIONAL DE ESCUELAS - POLICIA NACIONAL DE COLOMBIA,B,BOGOTA D.C.,BOGOTA D.C.
2216-0973,Revista CUIDARTE,UNIVERSIDAD DE SANTANDER,C,BUCARAMANGA,SANTANDER
0123-4471,REVISTA DE ANTROPOLOGIA Y SOCIOLOGIA,UNIVERSIDAD DE CALDAS - UNICALDAS,B,MANIZALES,CALDAS
1657-0308,Revista de Arquitectura,UNIVERSIDAD CATOLICA DE COLOMBIA - U.C.C.,B,BOGOTA D.C.,BOGOTA D.C.
0121-1935,REVISTA DE CIENCIAS,UNIVERSIDAD DEL VALLE - UNIVALLE,B,CALI,VALLE DEL CAUCA
0120-0135,REVISTA DE CIENCIAS AGRICOLAS,UNIVERSIDAD DE NARINO,B,PASTO,NARINO
0121-8697,REVISTA DE DERECHO,UNIVERSIDAD DEL NORTE - UNINORTE,B,BARRANQUILLA,ATLANTICO
1909-7786,Revista de Derecho Comunicaciones y Nuevas Tecnologias,UNIVERSIDAD DE LOS ANDES - UNIANDES,B,BOGOTA D.C.,BOGOTA D.C.
0123-4366,REVISTA DE DERECHO PRIVADO,UNIVERSIDAD EXTERNADO DE COLOMBIA,C,BOGOTA D.C.,BOGOTA D.C.
1909-7794,Revista de Derecho Privado,UNIVERSIDAD DE LOS ANDES - UNIANDES,B,BOGOTA D.C.,BOGOTA D.C.
1909-7778,Revista de Derecho Publico,UNIVERSIDAD DE LOS ANDES - UNIANDES,B,BOGOTA D.C.,BOGOTA D.C.
1794-7561,REVISTA DE ECONOMIA  ADMINISTRACION,UNIVERSIDAD AUTONOMA DE OCCIDENTE - UAO,C,CALI,VALLE DEL CAUCA
2011-2106,REVISTA DE ECONOMIA DEL CARIBE,UNIVERSIDAD DEL NORTE - UNINORTE,A2,BARRANQUILLA,ATLANTICO
2145-9363,Revista de Economia del Caribe,UNIVERSIDAD DEL NORTE - UNINORTE,C,BARRANQUILLA,ATLANTICO
0123-5362,REVISTA DE ECONOMIA DEL ROSARIO,COLEGIO MAYOR DE NUESTRA SENORA DEL ROSARIO,A2,BOGOTA D.C.,BOGOTA D.C.
0124-5996,REVISTA DE ECONOMIA INSTITUCIONAL,UNIVERSIDAD EXTERNADO DE COLOMBIA,B,BOGOTA D.C.,BOGOTA D.C.
0123-885X,REVISTA DE ESTUDIOS SOCIALES,UNIVERSIDAD DE LOS ANDES - UNIANDES,B,BOGOTA D.C.,BOGOTA D.C.
0121-4993,Revista de Ingenieria,UNIVERSIDAD DE LOS ANDES - UNIANDES,A2,BOGOTA D.C.,BOGOTA D.C.
1657-6772,REVISTA DE INVESTIGACION,UNIVERSIDAD DE LA SALLE - UNISALLE,C,BOGOTA D.C.,BOGOTA D.C.
2011-639X,REVISTA DE INVESTIGACION - Investigacion Aplicada,FUNDACION UNIVERSIDAD DE AMERICA,C,BOGOTA D.C.,BOGOTA D.C.
2145-6097,Revista de Investigacion Agraria y Ambiental,UNIVERSIDAD NACIONAL ABIERTA Y A DISTANCIA,C,BOGOTA D.C.,BOGOTA D.C.
2027-8306,Revista de Investigacion Desarrollo e Innovacion,UNIVERSIDAD PEDAGOGICA Y TECNOLOGICA DE COLOMBIA,C,TUNJA,BOYACA
0121-067X,REVISTA DE INVESTIGACIONES ,UNIVERSIDAD CATOLICA DE MANIZALES - U.C.M.,C,MANIZALES,CALDAS
0124-793X,REVISTA DE INVESTIGACIONES UNADEstudios culturales y educacion,UNIVERSIDAD NACIONAL ABIERTA Y A DISTANCIA,C,BOGOTA D.C.,BOGOTA D.C.
1794-631X,REVISTA DE INVESTIGACIONES UNIVERSIDAD DEL QUINDIO,UNIVERSIDAD DEL QUINDIO - UNIQUINDIO,C,ARMENIA,QUINDIO
0370-3908,REVISTA DE LA ACADEMIA COLOMBIANA DE CIENCIAS EXACTAS FISICAS Y NATURALES,ACADEMIA COLOMBIANA DE CIENCIAS EXACTAS FISICAS Y NATURALES - ACCEFYN,B,BOGOTA D.C.,BOGOTA D.C.
0120-4173,REVISTA DE LA ASOCIACION COLOMBIANA DE CIENCIAS BIOLOGICAS,ASOCIACION COLOMBIANA DE CIENCIAS BIOLOGICAS - A.C.C.B.,C,ARMENIA,QUINDIO
1657-0448,REVISTA DE LA ASOCIACION COLOMBIANA DE DERMATOLOGIA Y CIRUGIA DERMATOLOGICA,ASOCIACION COLOMBIANA DE DERMATOLOGIA Y CIRUGIA DERMATOLOGICA,C,BOGOTA D.C.,BOGOTA D.C.
0121-5132,REVISTA DE LA ESCUELA COLOMBIANA DE INGENIERIA,ESCUELA COLOMBIANA DE INGENIERIA JULIO GARAVITO - E.C.I.,C,BOGOTA D.C.,BOGOTA D.C.
0124-308X,REVISTA DE LA FACULTAD CIENCIAS DE LA SALUD,UNIVERSIDAD DEL CAUCA - UNICAUCA,C,POPAYAN,CAUCA
0121-747X,REVISTA DE LA FACULTAD DE CIENCIAS,UNIVERSIDAD NACIONAL DE COLOMBIA - OFICIAL,C,BOGOTA D.C.,BOGOTA D.C.
0120-4211,Revista de la facultad de ciencias basicas,UNIVERSIDAD DE PAMPLONA - UDP,C,PAMPLONA,NORTE DE SANTANDER
0120-3886,REVISTA DE LA FACULTAD DE DERECHO Y CIENCIAS POLITICAS,UNIVERSIDAD PONTIFICIA BOLIVARIANA - SEDE MEDELLIN,B,MEDELLIN,ANTIOQUIA
0120-0011,Revista de la Facultad de Medicina de la Universidad Nacional de Colombia.,UNIVERSIDAD NACIONAL DE COLOMBIA - OFICIAL,B,BOGOTA D.C.,BOGOTA D.C.
0120-2952,REVISTA DE LA FACULTAD DE MEDICINA VETERINARIA Y DE ZOOTECNIA,UNIVERSIDAD NACIONAL DE COLOMBIA - OFICIAL,C,BOGOTA D.C.,BOGOTA D.C.
1692-3103,REVISTA DE LA MAESTRIA DE DERECHO ECONOMICO,PONTIFICIA UNIVERSIDAD JAVERIANA - PUJ - SEDE BOGOTA,B,BOGOTA D.C.,BOGOTA D.C.
0120-0445,REVISTA DE LA SOCIEDAD COLOMBIANA DE PSICOANALISIS,SOCIEDAD COLOMBIANA DE PSICOANALISIS-SOCOLPSI,C,BOGOTA D.C.,BOGOTA D.C.
0121-0807,Revista de la Universidad Industrial de Santander Salud,UNIVERSIDAD INDUSTRIAL DE SANTANDER - UIS,C,BUCARAMANGA,SANTANDER
0122-9354,Revista de Medicina Veterinaria,UNIVERSIDAD DE LA SALLE - UNISALLE,A2,BOGOTA D.C.,BOGOTA D.C.
2145-6569,Revista de Psicologia GEPU,FUNDACION GRUPO ESTUDIANTIL Y PROFESIONAL DE PSICOLOGIA UNIVALLE ,B,CALI,VALLE DEL CAUCA
2145-4892,Revista de Psicologia Universidad de Antioquia,UNIVERSIDAD DE ANTIOQUIA - UDEA,C,MEDELLIN,ANTIOQUIA
1909-3063,REVISTA DE RELACIONES INTERNACIONALES ESTRATEGIA Y SEGURIDAD,UNIVERSIDAD MILITAR NUEVA GRANADA - UNIMILITAR,B,BOGOTA D.C.,BOGOTA D.C.
0124-0064,Revista de Salud Publica,UNIVERSIDAD NACIONAL DE COLOMBIA - OFICIAL,C,BOGOTA D.C.,BOGOTA D.C.
1692-1399,REVISTA DE TECNOLOGIA,UNIVERSIDAD EL BOSQUE,C,BOGOTA D.C.,BOGOTA D.C.
0120-0275,REVISTA DEL CENTRO NACIONAL DE INVESTIGACIONES DE CAFE - CENICAFE,CENTRO NACIONAL DE INVESTIGACIONES DE CAFE,C,MANIZALES,CALDAS
0123-2479,REVISTA DEL INSTITUTO COLOMBIANO DE DERECHO PROCESAL ,INSTITUTO COLOMBIANO DE DERECHO PROCESAL,B,BOGOTA D.C.,BOGOTA D.C.
0122-9893,REVISTA DERECHO DEL ESTADO,UNIVERSIDAD EXTERNADO DE COLOMBIA,A2,BOGOTA D.C.,BOGOTA D.C.
2145-2946,Revista Digital de Derecho Administrativo,UNIVERSIDAD EXTERNADO DE COLOMBIA,C,BOGOTA D.C.,BOGOTA D.C.
1900-8260,REVISTA EDUCACION EN INGENIERIA,ASOCIACION COLOMBIANA DE FACULTADES DE INGENIERIA - ACOFI,C,BOGOTA D.C.,BOGOTA D.C.
0121-7593,REVISTA EDUCACION Y PEDAGOGIA,UNIVERSIDAD DE ANTIOQUIA - UDEA,C,MEDELLIN,ANTIOQUIA
1794-1237,REVISTA EIA,ESCUELA DE INGENIERIA DE ANTIOQUIA - E.I.A.,B,MEDELLIN,ANTIOQUIA
2011-7477,Revista Eidos,UNIVERSIDAD DEL NORTE - UNINORTE,C,BARRANQUILLA,ATLANTICO
0120-8160,REVISTA ESCUELA DE ADMINISTRACION DE NEGOCIOS,UNIVERSIDAD EAN,B,BOGOTA D.C.,BOGOTA D.C.
1909-258X,REVISTA ESPECIALIZADA EN SISTEMAS INFORMATICOS Y ELECTRONICOS DE TELECOMUNICACIONES RESET-UTS,UNIDADES TECNOLOGICAS DE SANTANDER,C,BUCARAMANGA,SANTANDER
1900-4699,REVISTA FACULTAD DE CIENCIAS BASICAS,UNIVERSIDAD MILITAR NUEVA GRANADA - UNIMILITAR,C,BOGOTA D.C.,BOGOTA D.C.
1657-9553,Revista Facultad de Ciencias Contables Economicas y Administrativas ,UNIVERSIDAD DE LA AMAZONIA,C,FLORENCIA,CAQUETA
0121-6805,REVISTA FACULTAD DE CIENCIAS ECONOMICAS,UNIVERSIDAD MILITAR NUEVA GRANADA - UNIMILITAR,B,BOGOTA D.C.,BOGOTA D.C.
0121-1129,Revista Facultad de Ingenieria,UNIVERSIDAD PEDAGOGICA Y TECNOLOGICA DE COLOMBIA,C,TUNJA,BOYACA
0120-6230,REVISTA FACULTAD DE INGENIERIA UNIVERSIDAD DE ANTIOQUIA,UNIVERSIDAD DE ANTIOQUIA - UDEA,B,MEDELLIN,ANTIOQUIA
0121-246X,REVISTA FACULTAD DE ODONTOLOGIA UNIVERSIDAD DE ANTIOQUIA,UNIVERSIDAD DE ANTIOQUIA - UDEA,B,MEDELLIN,ANTIOQUIA
2145-1362,Revista Facultad de Salud Universidad Surcolombiana,UNIVERSIDAD SURCOLOMBIANA - USCO,C,NEIVA,HUILA
0304-2847,REVISTA FACULTAD NACIONAL DE AGRONOMIA,UNIVERSIDAD NACIONAL DE COLOMBIA - OFICIAL,B,BOGOTA D.C.,BOGOTA D.C.
0120-386X,REVISTA FACULTAD NACIONAL DE SALUD PUBLICA,UNIVERSIDAD DE ANTIOQUIA - UDEA,C,MEDELLIN,ANTIOQUIA
1692-2484,REVISTA FILOSOFIA UIS,UNIVERSIDAD INDUSTRIAL DE SANTANDER - UIS,B,BUCARAMANGA,SANTANDER
0124-3691,REVISTA GASTROHNUP,UNIVERSIDAD DEL VALLE - UNIVALLE,C,CALI,VALLE DEL CAUCA
1657-7027,REVISTA GERENCIA Y POLITICAS DE SALUD,PONTIFICIA UNIVERSIDAD JAVERIANA,C,BOGOTA D.C.,BOGOTA D.C.
1900-9771,REVISTA GESTION Y REGION,UNIVERSIDAD CATOLICA DE PEREIRA - UCP,C,PEREIRA,RISARALDA
1794-192X,Revista Guillermo de Ockham,UNIVERSIDAD DE SAN BUENAVENTURA,C,BOGOTA D.C.,BOGOTA D.C.
0123-7756,REVISTA HISTORIA DE LA EDUCACION COLOMBIANA,UNIVERSIDAD DE NARINO,C,PASTO,NARINO
0122-7238,REVISTA HISTORIA DE LA EDUCACION LATINOAMERICANA,UNIVERSIDAD PEDAGOGICA Y TECNOLOGICA DE COLOMBIA,B,TUNJA,BOYACA
2256-1552,Revista ib de la Informacion Basica Estadistica,DEPARTAMENTO ADMINISTRATIVO NACIONAL DE ESTADISTICA. - DANE,C,BOGOTA D.C.,BOGOTA D.C.
0123-1154,REVISTA IBERO-LATINOAMERICANA DE SEGUROS,PONTIFICIA UNIVERSIDAD JAVERIANA,B,BOGOTA D.C.,BOGOTA D.C.
2027-1786,Revista Iberoamericana de Psicologia Ciencia y Tecnologia,CORPORACION UNIVERSITARIA IBEROAMERICANA (ANTES TECNOLOGICO INPI),C,BOGOTA D.C.,BOGOTA D.C.
1909-9762,REVISTA INGENIERIA BIOMEDICA,ESCUELA DE INGENIERIA DE ANTIOQUIA - E.I.A.,B,MEDELLIN,ANTIOQUIA
1900-771X,REVISTA INGENIERIA INVESTIGACION Y DESARROLLO,UNIVERSIDAD PEDAGOGICA Y TECNOLOGICA DE COLOMBIA,C,TUNJA,BOYACA
1692-3324,REVISTA INGENIERIAS UNIVERSIDAD DE MEDELLIN,UNIVERSIDAD DE MEDELLIN - UDEM,B,MEDELLIN,ANTIOQUIA
2011-642X,REVISTA INGENIO UFPSO,UNIVERSIDAD FRANCISCO DE PAULA SANTANDER - OCANA,C,OCANA,NORTE DE SANTANDER
2145-0935,Revista Ingeuan,UNIVERSIDAD ANTONIO NARINO,C,BOGOTA D.C.,BOGOTA D.C.
1657-3498,REVISTA INSTITUCIONAL UNIVERSIDAD TECNOLOGICA DEL CHOCO,UNIVERSIDAD TECNOLOGICA DEL CHOCO - DIEGO LUIS CORDOBA,C,QUIBDO,CHOCO
0122-0799,REVISTA INSTITUTO COLOMBIANO DE DERECHO TRIBUTARIO,INSTITUTO COLOMBIANO DE DERECHO TRIBUTARIO,C,BOGOTA D.C.,BOGOTA D.C.
0120-419X,REVISTA INTEGRACION,UNIVERSIDAD INDUSTRIAL DE SANTANDER - UIS,A2,BUCARAMANGA,SANTANDER
0120-0976,REVISTA INTERAMERICANA DE BIBLIOTECOLOGIA,UNIVERSIDAD DE ANTIOQUIA - UDEA,B,MEDELLIN,ANTIOQUIA
1657-107X,REVISTA INTERAMERICANA DE INVESTIGACION EDUCACION Y PEDAGOGIA ,UNIVERSIDAD SANTO TOMAS,C,BOGOTA D.C.,BOGOTA D.C.
0120-3800,REVISTA INTERAMERICANA DE PSICOLOGIA OCUPACIONAL,CENTRO DE INVESTIGACION EN COMPORTAMIENTO ORGANIZACIONAL,C,MEDELLIN,ANTIOQUIA
2382-5014,Revista Internacional de Cooperacion y Desarrollo ,UNIVERSIDAD DE SAN BUENAVENTURA,C,BOGOTA D.C.,BOGOTA D.C.
1794-161X,REVISTA INTROPICA,UNIVERSIDAD DEL MAGDALENA - UNIMAGDALENA,C,SANTA MARTA,MAGDALENA
2011-0413,REVISTA INVESTIGACIONES APLICADAS,UNIVERSIDAD PONTIFICIA BOLIVARIANA - SEDE MEDELLIN,C,MEDELLIN,ANTIOQUIA
2216-1473,Revista Investigium Ire Ciencias Sociales y Humanas,INSTITUCION UNIVERSITARIA CESMAG,C,PASTO,NARINO
0120-100X,Revista ION,UNIVERSIDAD INDUSTRIAL DE SANTANDER - UIS,C,BUCARAMANGA,SANTANDER
1692-1798,REVISTA ITECKNE,UNIVERSIDAD SANTO TOMAS SECCIONAL BUCARAMANGA,C,BUCARAMANGA,SANTANDER
1692-9403,Revista Iustitia,UNIVERSIDAD SANTO TOMAS SECCIONAL BUCARAMANGA,C,BUCARAMANGA,SANTANDER
2027-307X,REVISTA JURIDICA IDEAS DE IDEAS,CORPORACION UNIVERSITARIA DE COLOMBIA IDEAS,C,BOGOTA D.C.,BOGOTA D.C.
1657-6799,Revista Juridica Pielagus,UNIVERSIDAD SURCOLOMBIANA - USCO,C,NEIVA,HUILA
2027-2391,Revista Kavilando,GRUPO DE INVESTIGACION Y EDITORIAL KAVILANDO,C,MEDELLIN,ANTIOQUIA
1794-4449,REVISTA LASALLISTA DE INVESTIGACION,CORPORACION UNIVERSITARIA LASALLISTA,C,CALDAS,ANTIOQUIA
1657-4702,REVISTA LATINOAMERICANA DE BIOETICA/LATINAMERICAN JOURNAL OF BIOETHICS,UNIVERSIDAD MILITAR NUEVA GRANADA - UNIMILITAR,B,BOGOTA D.C.,BOGOTA D.C.
1692-715X,REVISTA LATINOAMERICANA DE CIENCIAS SOCIALES NINEZ Y JUVENTUD,UNIVERSIDAD DE MANIZALES - UMANIZALES,B,MANIZALES,CALDAS
2145-6445,Revista Latinoamericana de Estudios de Familia,UNIVERSIDAD DE CALDAS - UNICALDAS,B,MANIZALES,CALDAS
2011-5474,Revista Latinoamericana de Etnomatematica,UNIVERSIDAD DE NARINO,B,PASTO,NARINO
0120-0534,REVISTA LATINOAMERICANA DE PSICOLOGIA,FUNDACION UNIVERSITARIA KONRAD LORENZ,A2,BOGOTA D.C.,BOGOTA D.C.
2145-5996,REVISTA LEBRET,UNIVERSIDAD SANTO TOMAS SECCIONAL BUCARAMANGA,C,BUCARAMANGA,SANTANDER
0120-6680,REVISTA LOGOS,UNIVERSIDAD DE LA SALLE - UNISALLE,C,BOGOTA D.C.,BOGOTA D.C.
2145-549X,Revista Logos Ciencia  Tecnologia,DIRECCION NACIONAL DE ESCUELAS - POLICIA NACIONAL DE COLOMBIA,B,BOGOTA D.C.,BOGOTA D.C.
1909-2474,REVISTA LUNA AZUL,UNIVERSIDAD DE CALDAS - UNICALDAS,C,MANIZALES,CALDAS
1692-5114,REVISTA M,UNIVERSIDAD SANTO TOMAS SECCIONAL BUCARAMANGA,C,BUCARAMANGA,SANTANDER
0121-5256,REVISTA MED,UNIVERSIDAD MILITAR NUEVA GRANADA - UNIMILITAR,A2,BOGOTA D.C.,BOGOTA D.C.
0122-0667,REVISTA MEDICA DE RISARALDA,UNIVERSIDAD TECNOLOGICA DE PEREIRA - UTP,B,PEREIRA,RISARALDA
0123-4250,REVISTA MEDICA SANITAS,FUNDACION UNIVERSITARIA SANITAS,C,BOGOTA D.C.,BOGOTA D.C.
0122-0268,REVISTA MVZ CORDOBA,UNIVERSIDAD DE CORDOBA - UNICOR,C,MONTERIA,CORDOBA
1900-3080,REVISTA NACIONAL DE ODONTOLOGIA,UNIVERSIDAD COOPERATIVA DE COLOMBIA,C,MEDELLIN,ANTIOQUIA
0123-7810,REVISTA ODONTOS ODONTOLOGIA INTEGRAL,FUNDACION UNIVERSITARIA CIEO UNICIEO,C,BOGOTA D.C.,BOGOTA D.C.
1900-2351,REVISTA POLITECNICA,POLITECNICO COLOMBIANO JAIME ISAZA CADAVID,C,MEDELLIN,ANTIOQUIA
1909-2814,REVISTA Q,UNIVERSIDAD PONTIFICIA BOLIVARIANA - SEDE MEDELLIN,C,MEDELLIN,ANTIOQUIA
1909-4450,Revista Republicana,CORPORACION UNIVERSITARIA REPUBLICANA,C,BOGOTA D.C.,BOGOTA D.C.
2011-074X,REVISTA S,UNIVERSIDAD INDUSTRIAL DE SANTANDER - UIS,C,BUCARAMANGA,SANTANDER
2248-5759,Revista Salud Bosque,UNIVERSIDAD EL BOSQUE,C,BOGOTA D.C.,BOGOTA D.C.
1909-2407,REVISTA SALUD HISTORIA Y SANIDAD ON-LINE,ASOCIACION DE GRADUADOS DE ENFERMERIA,C,TUNJA,BOYACA
0120-0453,REVISTA SOCIEDAD COLOMBIANA DE OFTALMOLOGIA,SOCIEDAD COLOMBIANA DE OFTALMOLOGIA,C,BOGOTA D.C.,BOGOTA D.C.
2011-3854,Revista Soluciones de Postgrado EIA ,ESCUELA DE INGENIERIA DE ANTIOQUIA - E.I.A.,C,MEDELLIN,ANTIOQUIA
1909-793X,REVISTA TECKNE,FUNDACION UNIVERSITARIA HORIZONTE,C,BOGOTA D.C.,BOGOTA D.C.
1692-6226,REVISTA TEMAS,UNIVERSIDAD SANTO TOMAS SECCIONAL BUCARAMANGA,C,BUCARAMANGA,SANTANDER
1909-4841,Revista Tumbaga,UNIVERSIDAD DEL TOLIMA,C,IBAGUE,TOLIMA
0123-4226,REVISTA U.D.C.A ACTUALIDAD  DIVULGACION CIENTIFICA,UNIVERSIDAD DE CIENCIAS APLICADAS Y AMBIENTALES - UDCA ,B,BOGOTA D.C.,BOGOTA D.C.
0120-095X,REVISTA UIS HUMANIDADES,UNIVERSIDAD INDUSTRIAL DE SANTANDER - UIS,C,BUCARAMANGA,SANTANDER
1657-4583,Revista UIS Ingenierias,UNIVERSIDAD INDUSTRIAL DE SANTANDER - UIS,C,BUCARAMANGA,SANTANDER
0120-4327,REVISTA UNIMAR,UNIVERSIDAD MARIANA - UNIMAR,C,PASTO,NARINO
0121-3652,REVISTA UNINPAHU,FUNDACION UNIVERSITARIA UNINPAHU,C,BOGOTA D.C.,BOGOTA D.C.
0120-341X,REVISTA UNIVERSIDAD EAFIT,UNIVERSIDAD EAFIT,C,MEDELLIN,ANTIOQUIA
0120-789X,REVISTA UROLOGIA COLOMBIANA,SOCIEDAD COLOMBIANA DE UROLOGIA,B,BOGOTA D.C.,BOGOTA D.C.
1909-5759,REVISTA VIA IURIS,FUNDACION UNIVERSITARIA LOS LIBERTADORES,C,BOGOTA D.C.,BOGOTA D.C.
1794-211x,Revista Vinculos,UNIVERSIDAD DISTRITAL FRANCISCO JOSE DE CALDAS,C,BOGOTA D.C.,BOGOTA D.C.
0124-5821,REVISTA VIRTUAL UNIVERSIDAD CATOLICA DEL NORTE,FUNDACION UNIVERSITARIA CATOLICA DEL NORTE,B,SANTA ROSA DE OSOS,ANTIOQUIA
2027-3029,ROSTROS  RASTROS,INSTITUTO DE ESTUDIOS DEL MINISTERIO PUBLICO,C,BOGOTA D.C.,BOGOTA D.C.
1794-7154,SABER CIENCIA Y LIBERTAD,UNIVERSIDAD LIBRE DE COLOMBIA,B,BOGOTA D.C.,BOGOTA D.C.
0120-5552,SALUD UNINORTE,UNIVERSIDAD DEL NORTE - UNINORTE,A2,BARRANQUILLA,ATLANTICO
2011-7531,Salud Uninorte,UNIVERSIDAD DEL NORTE - UNINORTE,C,BARRANQUILLA,ATLANTICO
0122-1701,SCIENTIA ET TECHNICA,UNIVERSIDAD TECNOLOGICA DE PEREIRA - UTP,B,PEREIRA,RISARALDA
0120-6346,SEMESTRE ECONOMICO,UNIVERSIDAD DE MEDELLIN - UDEM,B,MEDELLIN,ANTIOQUIA
1909-8642,SHIP SCIENCE AND TECHNOLOGYCIENCIA Y TECNOLOGIA DE BUQUES,CORPORACION DE CIENCIA Y TECNOLOGIA PARA EL DESARROLLO DE LA INDUSTRIA NAVAL MARITIMA Y FLUVIAL- COTECMAR,C,CARTAGENA DE INDIAS,BOLIVAR
0120-4823,SIGNO Y PENSAMIENTO,PONTIFICIA UNIVERSIDAD JAVERIANA,B,BOGOTA D.C.,BOGOTA D.C.
2145-1389,SIGNOS,UNIVERSIDAD SANTO TOMAS DE AQUINO - SEDE BOGOTA - USTA,C,BOGOTA D.C.,BOGOTA D.C.
2145-969X,SINAPSIS,ESCUELA DE ADMINISTRACION Y MERCADOTECNIA DEL QUINDIO,C,ARMENIA,QUINDIO
1692-5238,Sistemas  Telematica,UNIVERSIDAD ICESI,C,CALI,VALLE DEL CAUCA
1657-6357,SOCIEDAD Y ECONOMIA,UNIVERSIDAD DEL VALLE - UNIVALLE,B,CALI,VALLE DEL CAUCA
1794-8932,Sophia,UNIVERSIDAD LA GRAN COLOMBIA - SECCIONAL ARMENIA - UGCA,A2,ARMENIA,QUINDIO
0123-3734,Sotavento MBA ,UNIVERSIDAD EXTERNADO DE COLOMBIA,C,BOGOTA D.C.,BOGOTA D.C.
1794-7928,SPEI DOMUS,UNIVERSIDAD COOPERATIVA DE COLOMBIA,C,MEDELLIN,ANTIOQUIA
0562-5351,SUELOS ECUATORIALES,SOCIEDAD COLOMBIANA DE LA CIENCIA DEL SUELO,C,BOGOTA D.C.,BOGOTA D.C.
2215-910X,Suma de Negocios,FUNDACION UNIVERSITARIA KONRAD LORENZ,B,BOGOTA D.C.,BOGOTA D.C.
0121-4381,SUMA PSICOLOGICA,FUNDACION UNIVERSITARIA KONRAD LORENZ,B,BOGOTA D.C.,BOGOTA D.C.
1794-2489,TABULA RASA,UNIVERSIDAD COLEGIO MAYOR DE CUNDINAMARCA,B,BOGOTA D.C.,BOGOTA D.C.
1909-3667,TECCIENCIA,UNIVERSIDAD ECCI,B,BOGOTA D.C.,BOGOTA D.C.
0121-3814,TECNE EPISTEME Y DIDAXIS,UNIVERSIDAD PEDAGOGICA NACIONAL - U.P.N.,B,BOGOTA D.C.,BOGOTA D.C.
0123-7799,TecnoLogicas,INSTITUTO TECNOLOGICO METROPOLITANO DE MEDELLIN - I.T.M.,B,MEDELLIN,ANTIOQUIA
2248-7638,Tecnura,UNIVERSIDAD DISTRITAL FRANCISCO JOSE DE CALDAS,C,BOGOTA D.C.,BOGOTA D.C.
0122-7610,Temas Agrarios,UNIVERSIDAD DE CORDOBA - UNICOR,B,MONTERIA,CORDOBA
0123-2304,TEMAS Y REFLEXIONES,,C,,
0124-8693,TENDENCIAS,UNIVERSIDAD DE NARINO,B,PASTO,NARINO
0122-9729,TENDENCIAS  RETOS,UNIVERSIDAD DE LA SALLE - UNISALLE,C,BOGOTA D.C.,BOGOTA D.C.
0123-8418,TERRITORIOS,COLEGIO MAYOR DE NUESTRA SENORA DEL ROSARIO,B,BOGOTA D.C.,BOGOTA D.C.
1909-8391,Tesis Psicologica,FUNDACION UNIVERSITARIA LOS LIBERTADORES,C,BOGOTA D.C.,BOGOTA D.C.
2215-8405,Teuken Bidikay ,POLITECNICO COLOMBIANO JAIME ISAZA CADAVID,C,MEDELLIN,ANTIOQUIA
2215-8812,Textos y Sentidos,UNIVERSIDAD CATOLICA DE PEREIRA - UCP,C,PEREIRA,RISARALDA
0120-3649,THEOLOGICA XAVERIANA,PONTIFICIA UNIVERSIDAD JAVERIANA,B,BOGOTA D.C.,BOGOTA D.C.
1900-5121,TIPICA BOLETIN ELECTRONICO DE SALUD ESCOLAR,ASOCIACION COLOMBIANA DE PSICOLOGIA DE LA SALUD,C,BOGOTA D.C.,BOGOTA D.C.
0123-4986,Trabajo Social ,UNIVERSIDAD NACIONAL DE COLOMBIA - OFICIAL,C,BOGOTA D.C.,BOGOTA D.C.
2322-9381,Trashumante,UNIVERSIDAD DE ANTIOQUIA - UDEA,A2,MEDELLIN,ANTIOQUIA
2216-0647,TRAZA,UNIVERSIDAD DE LA SALLE - UNISALLE,C,BOGOTA D.C.,BOGOTA D.C.
2145-4426,TRILOGIA. Ciencia Tecnologia y Sociedad,INSTITUTO TECNOLOGICO METROPOLITANO DE MEDELLIN - I.T.M.,C,MEDELLIN,ANTIOQUIA
0120-7555,TURISMO Y SOCIEDAD,UNIVERSIDAD EXTERNADO DE COLOMBIA,C,BOGOTA D.C.,BOGOTA D.C.
2011-4990,UD y la GEOMATICA,FACULTA DE INGENIERIA UNIVERSIDAD DISTRITAL,C,,
1900-0332,UGCiencia,UNIVERSIDAD LA GRAN COLOMBIA - SECCIONAL ARMENIA - UGCA,C,ARMENIA,QUINDIO
1692-3375,UMBRAL CIENTIFICO,UNIVERSIDAD MANUELA BELTRAN,C,BOGOTA D.C.,BOGOTA D.C.
2027-8047,Una salud. Revista Sapuvet de Salud Publica. ,UNIVERSIDAD DE LA SALLE - UNISALLE,C,BOGOTA D.C.,BOGOTA D.C.
1657-4249,Uni-pluri/versidad,UNIVERSIDAD DE ANTIOQUIA - UDEA,C,MEDELLIN,ANTIOQUIA
0124-4639,Universidad  Empresa,COLEGIO MAYOR DE NUESTRA SENORA DEL ROSARIO,B,BOGOTA D.C.,BOGOTA D.C.
0124-7107,UNIVERSIDAD Y SALUD,UNIVERSIDAD DE NARINO,C,PASTO,NARINO
0120-4807,UNIVERSITAS HUMANISTICA,PONTIFICIA UNIVERSIDAD JAVERIANA,B,BOGOTA D.C.,BOGOTA D.C.
0041-9095,UNIVERSITAS MEDICA,PONTIFICIA UNIVERSIDAD JAVERIANA,B,BOGOTA D.C.,BOGOTA D.C.
0120-4319,UNIVERSITAS ODONTOLOGICA,PONTIFICIA UNIVERSIDAD JAVERIANA,B,BOGOTA D.C.,BOGOTA D.C.
0120-5323,UNIVERSITAS PHILOSOPHICA,PONTIFICIA UNIVERSIDAD JAVERIANA,A2,BOGOTA D.C.,BOGOTA D.C.
1657-9267,UNIVERSITAS PSYCHOLOGICA,PONTIFICIA UNIVERSIDAD JAVERIANA,B,BOGOTA D.C.,BOGOTA D.C.
0122-7483,UNIVERSITAS SCIENTIARUM,PONTIFICIA UNIVERSIDAD JAVERIANA,A2,BOGOTA D.C.,BOGOTA D.C.
1692-5106,Ustasalud,UNIVERSIDAD SANTO TOMAS SECCIONAL BUCARAMANGA,C,BUCARAMANGA,SANTANDER
1794-4732,USTASALUD OPTOMETRIA,UNIVERSIDAD SANTO TOMAS SECCIONAL BUCARAMANGA,C,BUCARAMANGA,SANTANDER
0123-1952,UTOPIA SIGLO XXI,UNIVERSIDAD DE ANTIOQUIA - UDEA,C,MEDELLIN,ANTIOQUIA
1909-7891,VECTOR,UNIVERSIDAD DE CALDAS - UNICALDAS,C,MANIZALES,CALDAS
0123-9678,VENTANA INFORMATICA,UNIVERSIDAD DE MANIZALES - UMANIZALES,C,MANIZALES,CALDAS
0121-3474,VERBA IURIS,UNIVERSIDAD LIBRE DE COLOMBIA,C,BOGOTA D.C.,BOGOTA D.C.
2011-5415,VETERINARIA Y ZOOTECNIA,UNIVERSIDAD DE CALDAS - UNICALDAS,B,MANIZALES,CALDAS
1909-0528,VIA INVENIENDI ET IUDICANDI REVISTA VIRTUAL,UNIVERSIDAD SANTO TOMAS,C,BOGOTA D.C.,BOGOTA D.C.
1909-9746,Vision Electronica,UNIVERSIDAD DISTRITAL FRANCISCO JOSE DE CALDAS,C,BOGOTA D.C.,BOGOTA D.C.
2248-8774,Vision Pedagogica,,C,,
0121-4004,VITAE,UNIVERSIDAD DE ANTIOQUIA - UDEA,B,MEDELLIN,ANTIOQUIA
2145-2660,Vitae,UNIVERSIDAD DE ANTIOQUIA - UDEA,A1,MEDELLIN,ANTIOQUIA
0041-9060,VNIVERSITAS,PONTIFICIA UNIVERSIDAD JAVERIANA,C,BOGOTA D.C.,BOGOTA D.C.
2215-8421,VOCES Y SILENCIOS,UNIVERSIDAD DE LOS ANDES - UNIANDES,C,BOGOTA D.C.,BOGOTA D.C.
1794-6298,VOX POPULI- REVISTA DE LA ESCUELA DE FINANZAS Y ESTUDIOS INTERNACIONALES DE LA FUNDACION UNIVERSITARIA SAN MARTIN (SEDE BOGOTA),FUNDACION UNIVERSITARIA SAN MARTIN,C,BOGOTA D.C.,BOGOTA D.C.
1657-2416,ZONA PROXIMA,UNIVERSIDAD DEL NORTE - UNINORTE,C,BARRANQUILLA,ATLANTICO
2145-9444,Zona Proxima,UNIVERSIDAD DEL NORTE - UNINORTE,B,BARRANQUILLA,ATLANTICO
